player_position_1,player_position_2,frame,player_1_ratio,player_2_ratio
"[369.224853515625, 659.5653686523438, 530.902587890625, 904.9717407226562]","[997.9788208007812, 149.34988403320312, 1059.126220703125, 298.5183410644531]",0,0.66,0.41
"[369.44561767578125, 658.8372192382812, 530.6703491210938, 904.9258422851562]","[997.5596313476562, 148.57357788085938, 1054.807861328125, 298.36614990234375]",1,0.66,0.38
"[369.3733215332031, 658.3980712890625, 530.9201049804688, 904.848388671875]","[996.8507690429688, 148.97921752929688, 1047.3709716796875, 298.5435485839844]",2,0.66,0.34
"[369.52349853515625, 656.7056884765625, 531.0706176757812, 903.7086181640625]","[995.4108276367188, 148.98048400878906, 1041.115478515625, 298.7384338378906]",3,0.65,0.31
"[369.5113830566406, 654.8655395507812, 531.325439453125, 901.9351806640625]","[993.54833984375, 148.36012268066406, 1037.97412109375, 298.6473388671875]",4,0.65,0.3
"[369.4981384277344, 652.9921264648438, 531.6487426757812, 898.3536987304688]","[992.1156005859375, 148.52845764160156, 1037.498779296875, 298.5364074707031]",5,0.66,0.3
"[369.40985107421875, 652.4326782226562, 531.3271484375, 895.5411376953125]","[991.042724609375, 149.3055877685547, 1035.2989501953125, 298.4790954589844]",6,0.67,0.3
"[369.4062194824219, 652.5661010742188, 533.854248046875, 893.8634643554688]","[990.8429565429688, 150.05223083496094, 1034.852783203125, 298.3478088378906]",7,0.68,0.3
"[369.21453857421875, 653.0791015625, 540.4212036132812, 893.1179809570312]","[991.1122436523438, 151.9249267578125, 1033.727294921875, 298.26251220703125]",8,0.71,0.29
"[369.20806884765625, 653.4757690429688, 544.6691284179688, 893.6979370117188]","[990.9747314453125, 157.32896423339844, 1032.23095703125, 298.0053405761719]",9,0.73,0.29
"[369.13568115234375, 653.1680297851562, 545.7178955078125, 893.4746704101562]","[991.083251953125, 171.10516357421875, 1037.26806640625, 297.7677917480469]",10,0.73,0.36
"[369.9740905761719, 651.2130126953125, 546.0856323242188, 892.4585571289062]","[990.4046020507812, 172.85723876953125, 1041.0076904296875, 297.8973693847656]",11,0.73,0.4
"[372.0670471191406, 647.3753051757812, 546.5215454101562, 888.8269653320312]","[988.2964477539062, 165.72125244140625, 1038.8543701171875, 297.53692626953125]",12,0.72,0.38
"[375.1399230957031, 642.3524780273438, 546.7571411132812, 885.3615112304688]","[988.3021240234375, 154.1748504638672, 1033.4483642578125, 296.05987548828125]",13,0.71,0.32
"[383.6833190917969, 638.2008056640625, 546.1810913085938, 881.8402709960938]","[982.8078002929688, 135.12078857421875, 1026.2176513671875, 292.7162780761719]",14,0.67,0.28
"[397.75537109375, 635.1444702148438, 548.0387573242188, 877.38232421875]","[983.6831665039062, 140.06094360351562, 1021.48876953125, 290.51300048828125]",15,0.62,0.25
"[412.3169250488281, 633.6376342773438, 555.2373046875, 874.1441040039062]","[978.5042724609375, 148.037109375, 1019.370849609375, 288.30743408203125]",16,0.59,0.29
"[425.9306640625, 633.9853515625, 575.5313720703125, 873.7354736328125]","[982.431396484375, 166.8430938720703, 1018.89306640625, 286.8622741699219]",17,0.62,0.3
"[438.4549560546875, 636.1241455078125, 588.0108032226562, 872.489013671875]","[973.370849609375, 175.18939208984375, 1017.9534912109375, 268.5351867675781]",18,0.63,0.48
"[443.5368347167969, 640.3820190429688, 594.3834228515625, 874.6510620117188]","[972.0140991210938, 179.9691619873047, 1020.16357421875, 275.79693603515625]",19,0.64,0.5
"[445.8546447753906, 644.501220703125, 597.1836547851562, 876.2673950195312]","[970.400634765625, 184.09506225585938, 1031.6300048828125, 291.86981201171875]",20,0.65,0.57
"[447.0169982910156, 649.154052734375, 597.9354248046875, 876.8848876953125]","[971.3477172851562, 189.0191192626953, 1037.6444091796875, 301.6729736328125]",21,0.66,0.59
"[446.2351989746094, 651.65869140625, 597.6867065429688, 876.8055419921875]","[972.64794921875, 193.54302978515625, 1035.336181640625, 305.17437744140625]",22,0.67,0.56
"[445.598388671875, 651.9205932617188, 596.5138549804688, 874.8635864257812]","[973.3939208984375, 192.69369506835938, 1041.6981201171875, 306.4921569824219]",23,0.68,0.6
"[445.2475891113281, 650.9039306640625, 595.7320556640625, 873.4072265625]","[973.5253295898438, 192.9190216064453, 1041.383544921875, 306.70928955078125]",24,0.68,0.6
"[444.0732116699219, 650.1027221679688, 595.3639526367188, 873.208740234375]","[972.7650756835938, 194.7316131591797, 1041.401123046875, 307.1060791015625]",25,0.68,0.61
"[439.82586669921875, 649.281982421875, 594.7159423828125, 873.1995849609375]","[970.6956787109375, 201.659423828125, 1041.2904052734375, 306.9288635253906]",26,0.69,0.67
"[437.87286376953125, 648.701171875, 594.975341796875, 873.155029296875]","[970.2597045898438, 206.7364044189453, 1042.38037109375, 306.91864013671875]",27,0.7,0.72
"[434.376708984375, 648.0789794921875, 596.2588500976562, 873.0371704101562]","[970.610595703125, 206.32318115234375, 1041.5762939453125, 306.71319580078125]",28,0.72,0.71
"[430.5909423828125, 647.4180908203125, 598.7197265625, 873.1944580078125]","[965.6463012695312, 204.53013610839844, 1035.427001953125, 306.2105712890625]",29,0.74,0.69
"[429.02899169921875, 646.9383544921875, 598.75634765625, 872.9927368164062]","[961.0296630859375, 203.2596435546875, 1027.7528076171875, 305.97515869140625]",30,0.75,0.65
"[427.4598388671875, 644.6720581054688, 597.9595336914062, 872.3531494140625]","[960.634765625, 202.32269287109375, 1019.5599975585938, 308.19830322265625]",31,0.75,0.56
"[428.0874328613281, 641.6337280273438, 596.0909423828125, 872.12939453125]","[959.6461791992188, 201.57672119140625, 1014.39306640625, 309.2085266113281]",32,0.73,0.51
"[422.6820373535156, 637.152587890625, 596.5758056640625, 871.8868408203125]","[959.3496704101562, 200.58352661132812, 1018.7222290039062, 309.3761901855469]",33,0.74,0.55
"[418.87017822265625, 628.8654174804688, 595.5320434570312, 871.5899658203125]","[959.107666015625, 199.301025390625, 1021.0665893554688, 309.492919921875]",34,0.73,0.56
"[417.47161865234375, 620.1616821289062, 592.4644165039062, 871.0762329101562]","[958.7652587890625, 196.7399139404297, 1022.4176025390625, 309.8442687988281]",35,0.7,0.56
"[420.0464172363281, 611.5999145507812, 584.3775024414062, 870.2102661132812]","[959.1207885742188, 193.75352478027344, 1022.7030639648438, 309.7452697753906]",36,0.64,0.55
"[436.8487243652344, 604.6585693359375, 572.24169921875, 867.2055053710938]","[959.8396606445312, 190.90213012695312, 1023.0675048828125, 308.8526306152344]",37,0.52,0.54
"[452.9410400390625, 597.28759765625, 559.5541381835938, 863.5784301757812]","[964.00390625, 188.8997344970703, 1023.3033447265625, 306.45159912109375]",38,0.4,0.5
"[459.15350341796875, 592.5457153320312, 546.112060546875, 858.499267578125]","[966.6693115234375, 187.0625, 1027.1058349609375, 305.23681640625]",39,0.33,0.51
"[461.34759521484375, 585.764892578125, 555.68408203125, 853.9256591796875]","[970.5921630859375, 185.44911193847656, 1034.3675537109375, 304.0168762207031]",40,0.35,0.54
"[462.3260498046875, 575.4180297851562, 560.7235717773438, 844.026611328125]","[973.4470825195312, 185.57681274414062, 1042.817626953125, 302.8675842285156]",41,0.37,0.59
"[462.6209411621094, 576.645751953125, 561.9656372070312, 833.4778442382812]","[976.9656372070312, 186.22836303710938, 1051.48095703125, 301.3421936035156]",42,0.39,0.65
"[462.6123352050781, 586.76025390625, 557.4461669921875, 828.4158325195312]","[978.5763549804688, 187.62376403808594, 1057.6181640625, 300.49078369140625]",43,0.39,0.7
"[460.0036926269531, 590.9414672851562, 552.6880493164062, 830.5108642578125]","[979.2141723632812, 189.508056640625, 1063.8172607421875, 299.2758483886719]",44,0.39,0.77
"[455.920654296875, 601.893310546875, 550.6832885742188, 831.28369140625]","[979.3986206054688, 190.7349853515625, 1065.73828125, 298.6522216796875]",45,0.41,0.8
"[450.7424621582031, 608.4325561523438, 552.8577880859375, 832.0424194335938]","[979.017578125, 191.3654022216797, 1062.46337890625, 298.1042785644531]",46,0.46,0.78
"[444.7071228027344, 610.4702758789062, 554.8692016601562, 831.291748046875]","[979.1531372070312, 189.74154663085938, 1059.7220458984375, 298.4023742675781]",47,0.5,0.74
"[447.4873962402344, 611.9293823242188, 553.19921875, 831.29443359375]","[979.5811767578125, 188.0770263671875, 1061.7880859375, 298.3106384277344]",48,0.48,0.75
"[451.2633361816406, 614.981201171875, 547.9970703125, 830.0663452148438]","[985.2718505859375, 187.6114501953125, 1067.857177734375, 298.3062744140625]",49,0.45,0.75
"[449.7757263183594, 619.1710205078125, 545.1625366210938, 830.8199462890625]","[994.081787109375, 187.60482788085938, 1075.2750244140625, 297.6726379394531]",50,0.45,0.74
"[448.9314880371094, 624.2305297851562, 546.93603515625, 832.656494140625]","[1009.0023193359375, 187.9351043701172, 1082.08544921875, 296.8714294433594]",51,0.47,0.67
"[448.56494140625, 629.0125122070312, 559.07421875, 833.26904296875]","[1023.4158935546875, 187.55291748046875, 1091.4439697265625, 296.82470703125]",52,0.54,0.62
"[448.7545166015625, 632.06640625, 571.6365356445312, 833.8345336914062]","[1030.53466796875, 186.2969512939453, 1100.10498046875, 295.9678955078125]",53,0.61,0.63
"[446.1554260253906, 633.2882080078125, 580.5732421875, 838.6552734375]","[1035.572998046875, 185.04823303222656, 1107.78759765625, 295.591064453125]",54,0.65,0.65
"[443.882568359375, 632.7371826171875, 585.1240234375, 841.326904296875]","[1041.4276123046875, 183.4020538330078, 1117.3785400390625, 294.4298400878906]",55,0.68,0.68
"[449.4496765136719, 630.833984375, 588.5783081054688, 842.7739868164062]","[1050.9854736328125, 182.59800720214844, 1126.608642578125, 292.710205078125]",56,0.66,0.69
"[460.6811828613281, 627.884033203125, 595.1988525390625, 843.3731079101562]","[1063.7330322265625, 183.37222290039062, 1137.7835693359375, 292.55328369140625]",57,0.62,0.68
"[480.49493408203125, 625.1419677734375, 601.6026000976562, 843.26806640625]","[1082.8165283203125, 185.7216796875, 1149.0372314453125, 292.2870178222656]",58,0.56,0.62
"[505.4514465332031, 623.5868530273438, 606.8890991210938, 843.7837524414062]","[1101.743896484375, 187.50791931152344, 1159.076904296875, 292.385986328125]",59,0.46,0.55
"[530.8611450195312, 623.1837768554688, 613.727783203125, 847.7471313476562]","[1112.4674072265625, 188.96820068359375, 1170.442138671875, 291.709228515625]",60,0.37,0.56
"[547.6989135742188, 624.4907836914062, 621.9910278320312, 855.009521484375]","[1119.7943115234375, 190.24986267089844, 1180.2340087890625, 292.37139892578125]",61,0.32,0.59
"[558.791259765625, 629.0686645507812, 644.2479248046875, 862.2147216796875]","[1129.2913818359375, 192.3086395263672, 1189.3807373046875, 291.72772216796875]",62,0.37,0.6
"[566.6171264648438, 633.9468383789062, 665.94189453125, 868.256591796875]","[1139.724609375, 194.9850616455078, 1198.5789794921875, 290.93243408203125]",63,0.42,0.61
"[570.27099609375, 638.2230224609375, 685.8722534179688, 878.2269287109375]","[1148.3189697265625, 197.55029296875, 1206.84521484375, 294.1141052246094]",64,0.48,0.61
"[572.7765502929688, 644.4839477539062, 697.8546752929688, 886.9143676757812]","[1156.6368408203125, 200.4288330078125, 1215.313232421875, 294.809326171875]",65,0.52,0.62
"[575.4557495117188, 650.8197631835938, 703.9202880859375, 895.1611328125]","[1162.1107177734375, 201.09254455566406, 1224.9239501953125, 295.8915710449219]",66,0.53,0.66
"[580.738525390625, 656.1755981445312, 707.777587890625, 898.0437622070312]","[1164.54638671875, 203.67453002929688, 1235.018798828125, 296.2384033203125]",67,0.53,0.76
"[587.8397216796875, 659.2034301757812, 708.4605712890625, 899.2680053710938]","[1169.1014404296875, 206.09344482421875, 1249.180908203125, 300.0125427246094]",68,0.5,0.85
"[592.0275268554688, 659.2723999023438, 708.2720336914062, 899.1746215820312]","[1174.6640625, 206.93252563476562, 1257.366455078125, 302.6654357910156]",69,0.48,0.86
"[593.04931640625, 656.0874633789062, 708.3589477539062, 898.5107421875]","[1182.6541748046875, 210.4683380126953, 1261.9473876953125, 302.7659606933594]",70,0.48,0.86
"[593.4241333007812, 651.0781860351562, 708.3797607421875, 897.4345092773438]","[1188.1004638671875, 212.52320861816406, 1266.9261474609375, 301.2573547363281]",71,0.47,0.89
"[594.2186889648438, 645.4801635742188, 708.9830322265625, 895.2291870117188]","[1196.043212890625, 214.99827575683594, 1272.69970703125, 302.45648193359375]",72,0.46,0.88
"[594.6768798828125, 640.7371826171875, 709.7240600585938, 891.1419677734375]","[1201.09228515625, 217.6422882080078, 1269.6993408203125, 303.5914306640625]",73,0.46,0.8
"[595.1818237304688, 637.7506713867188, 718.5759887695312, 884.9368896484375]","[1208.5926513671875, 219.53384399414062, 1268.0950927734375, 303.7950134277344]",74,0.5,0.71
"[596.21826171875, 637.0091552734375, 727.9652709960938, 881.403076171875]","[1211.8892822265625, 220.0492706298828, 1269.5648193359375, 303.95166015625]",75,0.54,0.69
"[595.9546508789062, 637.2028198242188, 738.9628295898438, 882.4334106445312]","[1203.3192138671875, 219.74574279785156, 1271.8763427734375, 303.8248291015625]",76,0.58,0.82
"[594.29345703125, 640.1481323242188, 745.2798461914062, 882.6851806640625]","[1196.4456787109375, 218.30686950683594, 1273.9609375, 302.9133605957031]",77,0.62,0.92
"[593.3246459960938, 645.26708984375, 748.6911010742188, 883.7018432617188]","[1211.5670166015625, 215.54872131347656, 1279.03564453125, 302.605712890625]",78,0.65,0.77
"[593.0148315429688, 651.9188842773438, 750.5313110351562, 884.05908203125]","[1201.19140625, 208.63845825195312, 1284.1195068359375, 302.4786376953125]",79,0.68,0.88
"[592.9996948242188, 658.689208984375, 750.7513427734375, 884.0824584960938]","[1198.2030029296875, 196.3219757080078, 1288.1376953125, 302.5289306640625]",80,0.7,0.85
"[592.8563842773438, 662.9092407226562, 750.7996215820312, 884.4487915039062]","[1202.3291015625, 192.73910522460938, 1291.5206298828125, 302.35009765625]",81,0.71,0.81
"[592.5660400390625, 665.01513671875, 751.5833129882812, 884.9005737304688]","[1204.434814453125, 189.77159118652344, 1290.6678466796875, 302.2076721191406]",82,0.72,0.77
"[592.1949462890625, 665.6280517578125, 750.4764404296875, 885.019287109375]","[1207.271240234375, 188.4696502685547, 1289.4190673828125, 301.5943603515625]",83,0.72,0.73
"[590.6478271484375, 664.6271362304688, 749.404296875, 883.1917114257812]","[1198.497314453125, 187.64892578125, 1286.65771484375, 301.13006591796875]",84,0.73,0.78
"[587.0197143554688, 664.4337768554688, 743.4185180664062, 883.2669067382812]","[1196.58251953125, 187.56246948242188, 1285.60595703125, 300.5851135253906]",85,0.71,0.79
"[585.1026000976562, 663.7764892578125, 728.6942749023438, 886.2757568359375]","[1193.4598388671875, 187.45932006835938, 1285.0244140625, 300.395751953125]",86,0.65,0.81
"[581.4629516601562, 664.0560913085938, 701.3367309570312, 889.7501831054688]","[1192.8583984375, 187.6537628173828, 1284.9930419921875, 300.3478698730469]",87,0.53,0.82
"[575.0911254882812, 661.9640502929688, 671.4061889648438, 892.9938354492188]","[1191.7122802734375, 187.1878204345703, 1284.8834228515625, 300.44610595703125]",88,0.42,0.82
"[568.5485229492188, 661.0585327148438, 660.9452514648438, 894.8273315429688]","[1188.4739990234375, 186.30331420898438, 1284.548828125, 299.2958679199219]",89,0.4,0.85
"[554.4674682617188, 660.7615966796875, 654.110107421875, 896.8572998046875]","[1186.2579345703125, 184.34384155273438, 1279.5628662109375, 297.86944580078125]",90,0.42,0.82
"[541.7929077148438, 661.2601928710938, 649.9902954101562, 899.4050903320312]","[1182.095947265625, 182.6867218017578, 1272.2039794921875, 298.1607360839844]",91,0.45,0.78
"[535.6558227539062, 661.3971557617188, 644.705078125, 900.4922485351562]","[1176.833984375, 180.63946533203125, 1261.20849609375, 297.7762145996094]",92,0.46,0.72
"[533.1641235351562, 661.9459228515625, 641.281982421875, 900.6597900390625]","[1172.720703125, 177.8107452392578, 1246.617919921875, 295.5930480957031]",93,0.45,0.63
"[529.9835815429688, 662.7008056640625, 640.0762939453125, 900.8630981445312]","[1168.0645751953125, 175.36288452148438, 1236.966552734375, 294.24176025390625]",94,0.46,0.58
"[526.7752075195312, 662.7141723632812, 636.6618041992188, 900.9277954101562]","[1164.0008544921875, 173.2030029296875, 1229.9747314453125, 292.89630126953125]",95,0.46,0.55
"[516.5404663085938, 661.6910400390625, 633.0040283203125, 901.0139770507812]","[1159.9193115234375, 171.96238708496094, 1222.80859375, 293.0946350097656]",96,0.49,0.52
"[501.4250183105469, 659.5238647460938, 628.04638671875, 901.1294555664062]","[1155.3272705078125, 171.5224609375, 1212.20556640625, 294.6881408691406]",97,0.52,0.46
"[491.9219970703125, 657.0646362304688, 625.1976318359375, 901.07080078125]","[1149.6341552734375, 171.79429626464844, 1203.2537841796875, 295.5639953613281]",98,0.55,0.43
"[486.75146484375, 654.85009765625, 617.152587890625, 900.4204711914062]","[1143.5855712890625, 173.42832946777344, 1197.6536865234375, 294.6188049316406]",99,0.53,0.45
"[485.630126953125, 652.6795654296875, 611.392822265625, 896.8340454101562]","[1137.219482421875, 173.87118530273438, 1189.8563232421875, 296.2232666015625]",100,0.52,0.43
"[484.9301452636719, 651.4100952148438, 606.6375732421875, 891.0949096679688]","[1124.7669677734375, 173.00672912597656, 1185.942626953125, 297.0232849121094]",101,0.51,0.49
"[484.68359375, 650.322265625, 602.589111328125, 885.8026733398438]","[1112.126708984375, 172.4635772705078, 1184.6644287109375, 297.2818298339844]",102,0.5,0.58
"[484.2751770019531, 650.2486572265625, 599.2506713867188, 882.0963745117188]","[1104.839599609375, 172.30775451660156, 1183.35791015625, 295.4725341796875]",103,0.5,0.64
"[482.8733215332031, 651.7423706054688, 596.3545532226562, 881.1429443359375]","[1101.6553955078125, 173.19442749023438, 1178.0260009765625, 293.83856201171875]",104,0.49,0.63
"[481.52099609375, 653.7882080078125, 596.5991821289062, 880.855224609375]","[1096.774169921875, 173.6100311279297, 1168.197021484375, 292.3603210449219]",105,0.51,0.6
"[480.9072265625, 656.6759643554688, 600.0833129882812, 880.8899536132812]","[1091.773681640625, 173.92942810058594, 1153.581298828125, 291.8138427734375]",106,0.53,0.52
"[480.3728332519531, 659.454833984375, 604.7533569335938, 881.3385009765625]","[1087.6612548828125, 172.69627380371094, 1141.0594482421875, 291.5269470214844]",107,0.56,0.45
"[478.5986633300781, 661.162353515625, 613.6836547851562, 881.463623046875]","[1085.775146484375, 171.1181182861328, 1132.792236328125, 291.80364990234375]",108,0.61,0.39
"[473.1906433105469, 661.8358154296875, 623.2604370117188, 881.4910278320312]","[1081.896728515625, 170.1148681640625, 1126.35791015625, 291.76617431640625]",109,0.68,0.37
"[466.2997741699219, 661.9244384765625, 631.8864135742188, 881.626953125]","[1078.3494873046875, 169.29708862304688, 1120.62646484375, 290.0527038574219]",110,0.75,0.35
"[460.1620788574219, 661.7008056640625, 636.6317749023438, 881.5805053710938]","[1074.9017333984375, 168.93331909179688, 1115.7425537109375, 288.4571228027344]",111,0.8,0.34
"[455.44818115234375, 659.9509887695312, 633.640625, 881.2123413085938]","[1071.993896484375, 168.60549926757812, 1110.84033203125, 286.98089599609375]",112,0.81,0.33
"[453.17950439453125, 656.9549560546875, 621.2291870117188, 880.6016235351562]","[1068.203857421875, 167.6608123779297, 1106.306396484375, 285.50494384765625]",113,0.75,0.32
"[469.07781982421875, 652.0173950195312, 597.352294921875, 879.787109375]","[1060.6680908203125, 165.5538787841797, 1101.38427734375, 284.7904357910156]",114,0.56,0.34
"[474.68597412109375, 643.4832763671875, 570.2842407226562, 877.5470581054688]","[1050.1390380859375, 163.34999084472656, 1097.1817626953125, 284.09735107421875]",115,0.41,0.39
"[473.5661926269531, 638.7695922851562, 570.774658203125, 875.3545532226562]","[1042.0396728515625, 161.98471069335938, 1092.8428955078125, 282.3146057128906]",116,0.41,0.42
"[466.4869384765625, 634.6785888671875, 584.123779296875, 873.3067626953125]","[1033.505126953125, 162.1130828857422, 1088.3463134765625, 280.76812744140625]",117,0.49,0.46
"[459.1640625, 630.3649291992188, 582.3035888671875, 868.754638671875]","[1024.2303466796875, 162.9754180908203, 1084.013671875, 279.603271484375]",118,0.52,0.51
"[456.4163513183594, 627.6865234375, 575.4959106445312, 866.357666015625]","[1016.5098876953125, 164.27029418945312, 1081.082763671875, 278.3834228515625]",119,0.5,0.57
"[451.8277893066406, 626.5265502929688, 566.8724365234375, 863.3680419921875]","[1008.4386596679688, 167.89346313476562, 1078.79248046875, 276.2851867675781]",120,0.49,0.65
"[446.9402160644531, 626.593505859375, 558.3923950195312, 861.3805541992188]","[1001.7725219726562, 171.86376953125, 1077.0035400390625, 274.8150634765625]",121,0.47,0.73
"[445.1190490722656, 628.342041015625, 555.35400390625, 857.1832885742188]","[997.4861450195312, 176.5970001220703, 1076.288818359375, 274.2164306640625]",122,0.48,0.81
"[444.82965087890625, 629.8460083007812, 564.446533203125, 854.42041015625]","[996.0797729492188, 181.331787109375, 1076.1064453125, 273.92645263671875]",123,0.53,0.86
"[444.6239013671875, 630.8677978515625, 573.60009765625, 851.717529296875]","[995.8291015625, 185.1875, 1075.72900390625, 273.8993225097656]",124,0.58,0.9
"[444.72589111328125, 633.1285400390625, 575.9332885742188, 849.89013671875]","[994.5776977539062, 186.34426879882812, 1076.3619384765625, 273.8914489746094]",125,0.61,0.93
"[444.7015075683594, 635.6260375976562, 577.1980590820312, 848.80419921875]","[989.9047241210938, 186.46104431152344, 1077.0946044921875, 273.90374755859375]",126,0.62,1.0
"[444.6520080566406, 637.0253295898438, 576.8811645507812, 848.9612426757812]","[981.5303344726562, 184.23843383789062, 1076.691650390625, 274.2069091796875]",127,0.62,1.06
"[445.3290710449219, 636.3692016601562, 571.7340698242188, 848.8775634765625]","[971.8153686523438, 182.55035400390625, 1073.871826171875, 274.2358703613281]",128,0.59,1.11
"[445.07977294921875, 634.4097900390625, 576.437255859375, 844.564697265625]","[963.3567504882812, 180.69204711914062, 1064.0531005859375, 274.4385070800781]",129,0.63,1.07
"[451.4975280761719, 632.3812255859375, 585.3695678710938, 842.4486083984375]","[953.3572998046875, 179.5889434814453, 1050.2176513671875, 274.10394287109375]",130,0.64,1.02
"[464.5487365722656, 630.9829711914062, 602.3938598632812, 847.4219970703125]","[942.2074584960938, 177.58892822265625, 1031.13330078125, 274.17987060546875]",131,0.64,0.92
"[482.27142333984375, 629.61279296875, 626.0655517578125, 850.4973754882812]","[933.2600708007812, 175.556884765625, 1015.3392333984375, 273.9056396484375]",132,0.65,0.83
"[510.1235656738281, 629.28369140625, 645.4898681640625, 853.4708251953125]","[923.0181274414062, 173.2876434326172, 1008.0671997070312, 274.2268981933594]",133,0.6,0.84
"[534.6541137695312, 628.1405639648438, 662.308349609375, 850.8236694335938]","[914.7799682617188, 173.14785766601562, 1000.48193359375, 274.2035827636719]",134,0.57,0.85
"[546.3339233398438, 627.3936157226562, 673.3512573242188, 852.514892578125]","[904.7362060546875, 172.56483459472656, 990.5234985351562, 274.25555419921875]",135,0.56,0.84
"[562.8862915039062, 627.185302734375, 681.0298461914062, 857.28369140625]","[895.8010864257812, 172.09967041015625, 973.9054565429688, 274.48138427734375]",136,0.51,0.76
"[590.1388549804688, 629.3687744140625, 687.43408203125, 860.0736694335938]","[884.1358642578125, 171.91531372070312, 954.3178100585938, 274.4718017578125]",137,0.42,0.68
"[606.478515625, 632.6602172851562, 695.9589233398438, 862.0478515625]","[873.2754516601562, 171.71131896972656, 940.9348754882812, 274.42987060546875]",138,0.39,0.66
"[613.113525390625, 634.2938842773438, 709.2644653320312, 862.76318359375]","[865.5672607421875, 170.4217987060547, 934.6422119140625, 274.3512878417969]",139,0.42,0.66
"[615.3343505859375, 635.3112182617188, 734.4605102539062, 864.8739013671875]","[853.94921875, 169.05145263671875, 932.1716918945312, 273.9420471191406]",140,0.52,0.75
"[616.022216796875, 635.7261352539062, 759.4903564453125, 865.5001831054688]","[846.489990234375, 167.05166625976562, 929.7023315429688, 273.524169921875]",141,0.62,0.78
"[619.3930053710938, 635.12548828125, 770.8358154296875, 866.3822631835938]","[839.809326171875, 164.9646759033203, 925.247802734375, 273.32757568359375]",142,0.65,0.79
"[635.5709838867188, 632.948974609375, 781.9228515625, 871.2646484375]","[836.636962890625, 163.660888671875, 915.8168334960938, 271.2704772949219]",143,0.61,0.74
"[659.285888671875, 631.3782348632812, 795.0988159179688, 872.9082641601562]","[828.3359375, 161.4767303466797, 901.5101318359375, 271.8114318847656]",144,0.56,0.66
"[691.7159423828125, 628.8573608398438, 808.8984375, 871.9143676757812]","[817.0780029296875, 160.78863525390625, 885.5233154296875, 270.9384765625]",145,0.48,0.62
"[727.1596069335938, 627.7528686523438, 823.4600219726562, 871.7645874023438]","[812.8026123046875, 160.76429748535156, 875.1773071289062, 270.30841064453125]",146,0.39,0.57
"[750.8711547851562, 627.6610107421875, 837.91162109375, 874.9488525390625]","[807.934326171875, 160.8512420654297, 868.4584350585938, 268.6595458984375]",147,0.35,0.56
"[769.8377075195312, 629.7630004882812, 849.836669921875, 878.4913940429688]","[793.0189208984375, 159.99378967285156, 861.231689453125, 268.4152526855469]",148,0.32,0.63
"[786.1629638671875, 634.6090698242188, 873.7838745117188, 886.0632934570312]","[778.4527587890625, 161.78118896484375, 852.6272583007812, 268.0686950683594]",149,0.35,0.7
"[802.084228515625, 639.9476928710938, 906.21630859375, 893.396240234375]","[767.8837890625, 164.39794921875, 842.4721069335938, 267.96868896484375]",150,0.41,0.72
"[815.2816772460938, 646.946533203125, 940.73193359375, 898.9829711914062]","[758.3847045898438, 166.0450439453125, 832.6135864257812, 267.9596252441406]",151,0.5,0.73
"[819.5958251953125, 653.2133178710938, 972.414794921875, 901.6659545898438]","[751.5821533203125, 167.26792907714844, 825.2710571289062, 267.8912353515625]",152,0.62,0.73
"[822.3240966796875, 659.4470825195312, 994.2755126953125, 906.908447265625]","[747.66943359375, 168.22097778320312, 821.645263671875, 267.6545715332031]",153,0.69,0.74
"[827.3407592773438, 664.859130859375, 1007.0341186523438, 913.52880859375]","[744.3877563476562, 167.7679443359375, 817.7671508789062, 267.1074523925781]",154,0.72,0.74
"[840.88037109375, 669.75634765625, 1011.003662109375, 917.0880126953125]","[742.6781616210938, 168.25753784179688, 813.79150390625, 266.87921142578125]",155,0.69,0.72
"[864.3326416015625, 672.1420288085938, 1012.2952270507812, 918.0491943359375]","[741.7156372070312, 168.0230712890625, 811.4735717773438, 266.6943359375]",156,0.6,0.71
"[896.2246704101562, 672.595703125, 1014.4396362304688, 918.185302734375]","[741.0025024414062, 167.59649658203125, 809.7269897460938, 265.8626708984375]",157,0.48,0.7
"[929.9641723632812, 671.5032348632812, 1025.549560546875, 917.5111694335938]","[740.7327270507812, 166.8810577392578, 808.6610717773438, 264.7006530761719]",158,0.39,0.69
"[949.0307006835938, 669.938720703125, 1040.5123291015625, 915.8646850585938]","[740.81103515625, 166.5022430419922, 810.59716796875, 264.1023254394531]",159,0.37,0.72
"[962.6192016601562, 669.1080932617188, 1056.5595703125, 911.747802734375]","[740.98046875, 165.16595458984375, 818.0159301757812, 264.1048583984375]",160,0.39,0.78
"[975.7369384765625, 668.9520874023438, 1070.73779296875, 909.40283203125]","[740.7981567382812, 164.27369689941406, 823.0128784179688, 264.0907897949219]",161,0.4,0.82
"[987.00048828125, 670.1980590820312, 1086.1572265625, 907.0361328125]","[742.3700561523438, 164.03973388671875, 826.8325805664062, 264.0804138183594]",162,0.42,0.84
"[998.392578125, 671.5935668945312, 1100.7757568359375, 904.6360473632812]","[747.6408081054688, 163.50779724121094, 827.2918701171875, 264.49713134765625]",163,0.44,0.79
"[1008.6167602539062, 673.9329833984375, 1124.053955078125, 904.4351196289062]","[755.3576049804688, 162.63917541503906, 828.8665771484375, 264.57611083984375]",164,0.5,0.72
"[1018.3375854492188, 674.5531005859375, 1146.994873046875, 903.0270385742188]","[764.736083984375, 160.50808715820312, 830.1455078125, 264.61895751953125]",165,0.56,0.63
"[1027.0540771484375, 675.0369873046875, 1164.2406005859375, 903.6655883789062]","[774.1199340820312, 158.21044921875, 832.4802856445312, 264.171630859375]",166,0.6,0.55
"[1031.1734619140625, 676.2011108398438, 1176.4964599609375, 905.2664184570312]","[779.6736450195312, 156.31558227539062, 835.075927734375, 264.3157958984375]",167,0.63,0.51
"[1033.1087646484375, 678.0775756835938, 1185.202880859375, 906.0540161132812]","[783.56640625, 154.8111572265625, 837.3514404296875, 265.7473449707031]",168,0.67,0.48
"[1035.229248046875, 677.8728637695312, 1188.857666015625, 906.2237548828125]","[787.8509521484375, 153.6799774169922, 840.5006103515625, 267.30938720703125]",169,0.67,0.46
"[1041.30029296875, 676.2890014648438, 1189.6204833984375, 905.9103393554688]","[795.4288330078125, 153.83363342285156, 843.3733520507812, 268.3884582519531]",170,0.65,0.42
"[1051.59130859375, 673.6126708984375, 1189.99072265625, 905.8408203125]","[806.2488403320312, 154.59645080566406, 847.0215454101562, 268.1080627441406]",171,0.6,0.36
"[1067.0269775390625, 670.2926635742188, 1197.6031494140625, 905.3898315429688]","[814.4374389648438, 154.61924743652344, 850.7055053710938, 268.58905029296875]",172,0.56,0.32
"[1081.421630859375, 666.573486328125, 1208.2349853515625, 904.8867797851562]","[818.8305053710938, 154.9620819091797, 855.0274658203125, 268.8748779296875]",173,0.53,0.32
"[1087.3699951171875, 664.6605224609375, 1226.5928955078125, 902.806640625]","[823.499755859375, 154.57749938964844, 861.5875244140625, 268.8197326660156]",174,0.58,0.33
"[1092.5643310546875, 664.25927734375, 1221.521240234375, 899.98291015625]","[826.9533081054688, 154.10043334960938, 873.4566040039062, 268.70263671875]",175,0.55,0.41
"[1099.8359375, 664.4284057617188, 1215.039794921875, 895.49072265625]","[830.0313720703125, 154.00047302246094, 885.2593383789062, 268.9173583984375]",176,0.5,0.48
"[1110.390869140625, 666.1492309570312, 1231.3045654296875, 889.0629272460938]","[834.2216796875, 154.84396362304688, 896.1883544921875, 268.568359375]",177,0.54,0.54
"[1122.4765625, 666.9075927734375, 1252.978759765625, 884.4514770507812]","[838.4393310546875, 157.0015106201172, 907.260009765625, 271.17724609375]",178,0.6,0.6
"[1135.3687744140625, 668.1484375, 1270.880859375, 881.522216796875]","[842.6010131835938, 160.01364135742188, 915.2871704101562, 272.63299560546875]",179,0.64,0.65
"[1145.16748046875, 669.8906860351562, 1287.3201904296875, 878.1358642578125]","[846.0885009765625, 163.05113220214844, 920.0565795898438, 272.8802490234375]",180,0.68,0.67
"[1147.9700927734375, 672.879638671875, 1298.0572509765625, 876.4049072265625]","[847.0233154296875, 167.7955322265625, 923.072509765625, 272.9338073730469]",181,0.74,0.72
"[1143.935546875, 674.3924560546875, 1305.5267333984375, 876.7020263671875]","[848.0755615234375, 170.99783325195312, 924.5504760742188, 272.6868591308594]",182,0.8,0.75
"[1139.7757568359375, 675.178955078125, 1308.2928466796875, 876.968505859375]","[849.0296630859375, 172.30567932128906, 925.22705078125, 272.6644592285156]",183,0.84,0.76
"[1139.5872802734375, 676.9924926757812, 1307.8648681640625, 877.7763061523438]","[849.0034790039062, 171.36981201171875, 925.1707153320312, 272.6292419433594]",184,0.84,0.75
"[1140.1400146484375, 677.2308349609375, 1308.791259765625, 880.4367065429688]","[847.0975952148438, 169.92852783203125, 923.73681640625, 272.885986328125]",185,0.83,0.74
"[1144.2254638671875, 676.7742309570312, 1308.911865234375, 886.941650390625]","[843.7084350585938, 167.5391082763672, 920.101318359375, 272.6936950683594]",186,0.78,0.73
"[1144.244384765625, 674.6871948242188, 1307.0150146484375, 891.4749755859375]","[839.19970703125, 165.46726989746094, 914.5870361328125, 272.79730224609375]",187,0.75,0.7
"[1142.0361328125, 672.0635375976562, 1302.649658203125, 893.2186889648438]","[836.4921264648438, 164.64134216308594, 905.4992065429688, 272.9186706542969]",188,0.73,0.64
"[1139.2745361328125, 668.1901245117188, 1294.7005615234375, 893.9396362304688]","[831.613525390625, 163.8247528076172, 896.9010620117188, 273.9253234863281]",189,0.69,0.59
"[1136.3516845703125, 664.5906372070312, 1282.263427734375, 894.4520263671875]","[827.0038452148438, 163.84225463867188, 889.6312866210938, 274.8242492675781]",190,0.63,0.56
"[1133.669189453125, 661.5526733398438, 1266.8824462890625, 894.4526977539062]","[822.5557250976562, 165.7381591796875, 886.3816528320312, 275.2601623535156]",191,0.57,0.58
"[1131.2574462890625, 658.4821166992188, 1247.1138916015625, 894.765380859375]","[820.10107421875, 166.88272094726562, 885.0779418945312, 275.3065185546875]",192,0.49,0.6
"[1128.2318115234375, 657.1786499023438, 1225.002685546875, 894.1030883789062]","[814.9902954101562, 168.22528076171875, 884.7069091796875, 275.2544250488281]",193,0.41,0.65
"[1124.627197265625, 657.9743041992188, 1208.1961669921875, 896.4693603515625]","[809.59033203125, 169.5359344482422, 884.5309448242188, 275.2439880371094]",194,0.35,0.71
"[1115.8538818359375, 660.048583984375, 1202.210693359375, 902.1620483398438]","[803.297607421875, 170.89292907714844, 884.5068969726562, 275.5302734375]",195,0.36,0.78
"[1102.254150390625, 664.4880981445312, 1198.6082763671875, 909.7889404296875]","[798.3087768554688, 172.1961669921875, 884.4074096679688, 275.9179382324219]",196,0.39,0.83
"[1082.6265869140625, 669.1863403320312, 1194.93115234375, 918.4005737304688]","[796.8963012695312, 172.6524658203125, 884.0015258789062, 276.17486572265625]",197,0.45,0.84
"[1066.6571044921875, 672.7687377929688, 1191.0888671875, 926.36083984375]","[797.450439453125, 172.8093719482422, 883.4216918945312, 276.33148193359375]",198,0.49,0.83
"[1059.4556884765625, 675.5633544921875, 1187.0938720703125, 930.9589233398438]","[800.9298706054688, 172.14950561523438, 882.733154296875, 276.3580322265625]",199,0.5,0.78
"[1056.224609375, 676.5967407226562, 1183.0057373046875, 934.3779907226562]","[802.62353515625, 171.25222778320312, 881.8739624023438, 276.414794921875]",200,0.49,0.75
"[1055.2972412109375, 676.1810302734375, 1179.631591796875, 935.4697875976562]","[802.4710083007812, 168.7707977294922, 879.487060546875, 276.0211181640625]",201,0.48,0.72
"[1054.7957763671875, 675.2891235351562, 1177.7513427734375, 935.7999877929688]","[796.9966430664062, 166.15188598632812, 877.5161743164062, 276.24847412109375]",202,0.47,0.73
"[1054.73291015625, 674.4295654296875, 1179.15673828125, 935.4727172851562]","[791.5816040039062, 164.4158477783203, 872.3222045898438, 276.79925537109375]",203,0.48,0.72
"[1055.2969970703125, 674.4136352539062, 1182.3160400390625, 934.53564453125]","[791.5878295898438, 163.49977111816406, 865.1015625, 276.105712890625]",204,0.49,0.65
"[1051.8746337890625, 677.3840942382812, 1186.527099609375, 936.3534545898438]","[792.0809326171875, 163.1662139892578, 858.6165161132812, 276.78363037109375]",205,0.52,0.59
"[1046.2562255859375, 681.6303100585938, 1191.7767333984375, 939.8518676757812]","[787.5152587890625, 163.1492156982422, 856.0601806640625, 277.2541809082031]",206,0.56,0.6
"[1040.660400390625, 687.3286743164062, 1196.9327392578125, 946.533935546875]","[783.7689819335938, 162.25094604492188, 856.1868286132812, 277.84759521484375]",207,0.6,0.63
"[1037.8681640625, 694.6708984375, 1201.253662109375, 952.7786254882812]","[780.732666015625, 163.6217041015625, 855.8786010742188, 278.1787109375]",208,0.63,0.66
"[1035.51123046875, 704.3731079101562, 1208.0386962890625, 960.0609741210938]","[777.8102416992188, 166.634521484375, 855.8123779296875, 278.3920593261719]",209,0.67,0.7
"[1034.036376953125, 713.956298828125, 1212.627685546875, 963.2810668945312]","[776.82470703125, 168.18373107910156, 856.71923828125, 278.2439270019531]",210,0.72,0.73
"[1033.599609375, 720.6846313476562, 1214.9129638671875, 970.4672241210938]","[776.4822998046875, 168.41412353515625, 857.1174926757812, 277.4575500488281]",211,0.73,0.74
"[1034.033447265625, 724.68798828125, 1217.291015625, 975.378662109375]","[776.4503784179688, 168.1616668701172, 855.2129516601562, 276.99615478515625]",212,0.73,0.72
"[1035.7689208984375, 726.9559326171875, 1218.4248046875, 976.9544067382812]","[776.5747680664062, 167.47116088867188, 853.3240966796875, 276.6309509277344]",213,0.73,0.7
"[1040.9205322265625, 726.6748046875, 1218.859619140625, 977.38623046875]","[776.7599487304688, 166.3794403076172, 853.8974609375, 276.4867248535156]",214,0.71,0.7
"[1047.90771484375, 725.4078369140625, 1219.1871337890625, 977.3395385742188]","[777.27880859375, 164.79989624023438, 854.8169555664062, 276.4970397949219]",215,0.68,0.69
"[1055.677001953125, 722.9215698242188, 1219.4998779296875, 976.87109375]","[779.7575073242188, 164.33828735351562, 859.4491577148438, 277.09893798828125]",216,0.65,0.71
"[1063.4534912109375, 718.532470703125, 1220.2738037109375, 976.8160400390625]","[783.9735717773438, 164.41506958007812, 864.1902465820312, 276.0364990234375]",217,0.61,0.72
"[1068.0443115234375, 714.7257080078125, 1222.3411865234375, 976.229248046875]","[790.1265869140625, 163.45936584472656, 867.5708618164062, 275.084716796875]",218,0.59,0.69
"[1069.1539306640625, 711.4720458984375, 1226.635009765625, 973.3632202148438]","[800.7888793945312, 162.0677032470703, 869.3179321289062, 274.7455139160156]",219,0.6,0.61
"[1068.9830322265625, 708.9920654296875, 1228.6053466796875, 969.6131591796875]","[812.5394287109375, 159.59519958496094, 873.0183715820312, 274.37384033203125]",220,0.61,0.53
"[1066.7596435546875, 708.7518920898438, 1230.9638671875, 965.856201171875]","[823.86328125, 157.88978576660156, 877.4450073242188, 274.3542785644531]",221,0.64,0.46
"[1061.008056640625, 710.302734375, 1231.46435546875, 964.313720703125]","[831.4356689453125, 156.0858917236328, 879.3998413085938, 274.635498046875]",222,0.67,0.4
"[1057.7178955078125, 712.2894897460938, 1224.582763671875, 963.823974609375]","[839.0562133789062, 155.20616149902344, 881.6966552734375, 274.8380432128906]",223,0.66,0.36
"[1054.245361328125, 714.475341796875, 1219.17236328125, 963.3731079101562]","[846.9573364257812, 155.38360595703125, 884.3958740234375, 276.20977783203125]",224,0.66,0.31
"[1053.1021728515625, 717.858642578125, 1215.7626953125, 963.5618896484375]","[850.6292114257812, 156.32284545898438, 887.4176025390625, 276.5993957519531]",225,0.66,0.31
"[1052.0518798828125, 720.5447387695312, 1221.396484375, 963.472900390625]","[854.7129516601562, 157.9572296142578, 897.0789794921875, 277.06414794921875]",226,0.7,0.36
"[1054.967529296875, 721.708740234375, 1228.468505859375, 963.4481811523438]","[858.015380859375, 159.9966583251953, 908.5739135742188, 277.81829833984375]",227,0.72,0.43
"[1055.29052734375, 722.2913208007812, 1228.714111328125, 963.6136474609375]","[861.6122436523438, 161.16329956054688, 920.1434326171875, 278.1722717285156]",228,0.72,0.5
"[1056.2330322265625, 722.363037109375, 1215.7603759765625, 963.3154296875]","[865.93994140625, 162.06640625, 926.3444213867188, 278.0602722167969]",229,0.66,0.52
"[1055.9749755859375, 720.7123413085938, 1196.722412109375, 962.2442626953125]","[869.1033325195312, 162.25050354003906, 929.4407348632812, 278.11181640625]",230,0.58,0.52
"[1055.9559326171875, 715.7107543945312, 1188.227783203125, 961.3751220703125]","[871.4293212890625, 161.37232971191406, 930.9965209960938, 277.8340148925781]",231,0.54,0.51
"[1054.567626953125, 711.1237182617188, 1181.97216796875, 960.209716796875]","[872.7491455078125, 160.0140838623047, 931.3312377929688, 277.2198181152344]",232,0.51,0.5
"[1045.041748046875, 706.3472290039062, 1176.2763671875, 958.1803588867188]","[873.1231079101562, 158.47616577148438, 931.2308349609375, 276.7485046386719]",233,0.52,0.49
"[1034.7933349609375, 701.2755126953125, 1176.28369140625, 953.1080932617188]","[873.9258422851562, 157.54393005371094, 932.7025756835938, 275.6632385253906]",234,0.56,0.5
"[1026.149658203125, 696.1840209960938, 1147.7548828125, 950.8286743164062]","[875.0494995117188, 157.5091094970703, 935.7664794921875, 274.7373962402344]",235,0.48,0.52
"[1019.944091796875, 691.39990234375, 1135.6829833984375, 947.090087890625]","[877.1681518554688, 157.75108337402344, 943.1264038085938, 274.4307861328125]",236,0.45,0.57
"[1012.6844482421875, 663.5565795898438, 1122.092529296875, 941.9688720703125]","[878.9779052734375, 159.5352325439453, 951.0302124023438, 274.0413513183594]",237,0.39,0.63
"[1009.00439453125, 655.2882080078125, 1114.49951171875, 938.1802368164062]","[880.3853759765625, 161.2090606689453, 957.8817749023438, 274.4290771484375]",238,0.37,0.68
"[1008.51611328125, 665.802001953125, 1108.5364990234375, 935.7323608398438]","[881.2803344726562, 164.95474243164062, 962.2508544921875, 274.19158935546875]",239,0.37,0.74
"[1009.2442016601562, 680.4649047851562, 1104.269287109375, 935.5628051757812]","[882.14892578125, 168.86940002441406, 964.2393798828125, 273.9971923828125]",240,0.37,0.78
"[1007.4103393554688, 693.6524658203125, 1104.092041015625, 935.436767578125]","[882.551513671875, 172.59840393066406, 965.2044067382812, 274.0018615722656]",241,0.4,0.82
"[1007.3551635742188, 701.2130126953125, 1104.0045166015625, 935.191650390625]","[881.7328491210938, 175.56288146972656, 965.4459228515625, 273.92535400390625]",242,0.41,0.85
"[1007.4967651367188, 704.4553833007812, 1103.99658203125, 934.7437744140625]","[881.4979858398438, 177.48524475097656, 965.3572387695312, 273.9132385253906]",243,0.42,0.87
"[1001.9080200195312, 704.064697265625, 1104.4737548828125, 933.1510620117188]","[881.6848754882812, 178.06784057617188, 965.3009033203125, 273.85791015625]",244,0.45,0.87
"[998.8499755859375, 700.9767456054688, 1104.2506103515625, 931.5073852539062]","[880.82958984375, 176.2660675048828, 965.1812133789062, 274.0340270996094]",245,0.46,0.86
"[1000.21630859375, 698.708740234375, 1106.504150390625, 930.40625]","[877.8801879882812, 173.22669982910156, 964.7362670898438, 274.4466247558594]",246,0.46,0.86
"[997.7861938476562, 696.6680297851562, 1110.2974853515625, 929.7745361328125]","[873.1463623046875, 170.17454528808594, 961.0840454101562, 274.425048828125]",247,0.48,0.84
"[988.0938110351562, 696.6364135742188, 1113.8466796875, 930.2295532226562]","[866.0137939453125, 167.9876251220703, 952.9019165039062, 274.62457275390625]",248,0.54,0.81
"[985.14404296875, 697.046142578125, 1117.8687744140625, 933.7477416992188]","[859.273193359375, 166.29457092285156, 940.2273559570312, 274.5472412109375]",249,0.56,0.75
"[982.5978393554688, 697.9150390625, 1120.115234375, 939.2791748046875]","[854.668701171875, 164.7084503173828, 926.2384643554688, 275.1355285644531]",250,0.57,0.65
"[983.006591796875, 701.1074829101562, 1121.7236328125, 946.1502685546875]","[850.1806030273438, 164.38963317871094, 912.8194580078125, 275.32904052734375]",251,0.57,0.56
"[984.7332763671875, 702.5780029296875, 1122.69775390625, 951.7406616210938]","[846.4784545898438, 166.1884765625, 904.91552734375, 277.5304260253906]",252,0.55,0.52
"[984.4595336914062, 702.114501953125, 1122.332763671875, 955.7110595703125]","[841.72314453125, 166.73529052734375, 899.9332275390625, 278.35284423828125]",253,0.54,0.52
"[984.318603515625, 700.2371215820312, 1121.5982666015625, 955.6537475585938]","[834.6990356445312, 168.76223754882812, 896.3592529296875, 278.8106689453125]",254,0.54,0.56
"[984.3363037109375, 698.1243896484375, 1119.1082763671875, 954.8405151367188]","[827.9744873046875, 170.17446899414062, 893.86865234375, 278.88543701171875]",255,0.52,0.61
"[984.8545532226562, 697.47412109375, 1118.161865234375, 954.7275390625]","[821.2200927734375, 171.69053649902344, 892.738525390625, 278.8992004394531]",256,0.52,0.67
"[979.4611206054688, 697.0851440429688, 1119.6331787109375, 955.7411499023438]","[816.5316162109375, 172.8355255126953, 892.5717163085938, 278.78070068359375]",257,0.54,0.72
"[971.533935546875, 697.6382446289062, 1122.098388671875, 959.3277587890625]","[813.8255004882812, 173.6202392578125, 892.3010864257812, 278.8790283203125]",258,0.58,0.75
"[967.9259643554688, 700.365966796875, 1123.609130859375, 965.4229125976562]","[813.0640869140625, 174.48899841308594, 891.2034912109375, 278.5451965332031]",259,0.59,0.75
"[966.4654541015625, 703.3594360351562, 1125.2647705078125, 968.4632568359375]","[813.364013671875, 173.817626953125, 890.5809326171875, 278.3450012207031]",260,0.6,0.74
"[965.7572631835938, 704.5787353515625, 1126.1270751953125, 970.04052734375]","[813.6279907226562, 173.09263610839844, 887.4796142578125, 278.2093200683594]",261,0.6,0.7
"[965.5200805664062, 703.8237915039062, 1126.2989501953125, 970.082763671875]","[808.7285766601562, 171.4639129638672, 883.3757934570312, 278.76239013671875]",262,0.6,0.7
"[965.7163696289062, 701.8706665039062, 1126.5482177734375, 969.0972900390625]","[803.1956176757812, 170.03945922851562, 877.1507568359375, 279.2509765625]",263,0.6,0.68
"[968.4168701171875, 700.9274291992188, 1128.946533203125, 966.9327392578125]","[805.9602661132812, 169.9772491455078, 869.4819946289062, 278.94598388671875]",264,0.6,0.58
"[971.2172241210938, 700.86767578125, 1134.26318359375, 967.271240234375]","[805.6807861328125, 170.42799377441406, 865.1875, 279.1319274902344]",265,0.61,0.55
"[973.7572021484375, 703.0057983398438, 1142.2283935546875, 970.3829345703125]","[796.3793334960938, 171.06851196289062, 863.4042358398438, 279.9957580566406]",266,0.63,0.62
"[976.6865844726562, 707.42919921875, 1148.8328857421875, 974.8543090820312]","[786.3849487304688, 171.55052185058594, 862.8382568359375, 280.191162109375]",267,0.64,0.7
"[977.778564453125, 714.435546875, 1153.213134765625, 978.677001953125]","[780.948486328125, 171.90460205078125, 863.0626220703125, 280.4503173828125]",268,0.66,0.76
"[977.2555541992188, 723.226806640625, 1159.3134765625, 984.1593627929688]","[777.3720703125, 174.233642578125, 862.8434448242188, 280.87896728515625]",269,0.7,0.8
"[976.2117919921875, 731.4207153320312, 1164.6328125, 986.3004760742188]","[775.1719970703125, 174.57933044433594, 862.3729248046875, 280.7872314453125]",270,0.74,0.82
"[976.641357421875, 738.4412231445312, 1167.0037841796875, 990.7884521484375]","[774.5133666992188, 174.84194946289062, 862.8699340820312, 280.5300598144531]",271,0.75,0.84
"[977.8642578125, 744.168701171875, 1168.966552734375, 992.523193359375]","[774.5368041992188, 173.99880981445312, 862.9407958984375, 279.9178161621094]",272,0.77,0.83
"[978.8265991210938, 746.8021240234375, 1169.85791015625, 992.7922973632812]","[774.5473022460938, 172.96835327148438, 859.724365234375, 279.4642639160156]",273,0.78,0.8
"[980.6080322265625, 747.3689575195312, 1171.533935546875, 993.4439697265625]","[774.5708618164062, 171.03982543945312, 856.7945556640625, 279.1162414550781]",274,0.78,0.76
"[982.778564453125, 745.5457763671875, 1172.3955078125, 992.746826171875]","[774.7657470703125, 170.33070373535156, 855.425537109375, 279.2040710449219]",275,0.77,0.74
"[983.1220703125, 742.4189453125, 1172.9342041015625, 992.5911865234375]","[775.8732299804688, 168.32322692871094, 855.2474975585938, 279.2520751953125]",276,0.76,0.72
"[982.9673461914062, 738.489990234375, 1172.8885498046875, 991.5658569335938]","[778.5597534179688, 167.5907440185547, 859.9395141601562, 278.97357177734375]",277,0.75,0.73
"[981.5359497070312, 735.2772827148438, 1170.2784423828125, 988.7418823242188]","[782.2579956054688, 167.29563903808594, 862.0795288085938, 278.3838195800781]",278,0.74,0.72
"[981.613037109375, 732.1203002929688, 1160.2567138671875, 986.6515502929688]","[789.6213989257812, 166.5720977783203, 865.2845458984375, 277.8692321777344]",279,0.7,0.68
"[981.9879150390625, 729.5729370117188, 1142.1544189453125, 986.1416015625]","[799.037353515625, 164.70330810546875, 869.1124267578125, 276.8078918457031]",280,0.62,0.63
"[980.4417114257812, 725.9575805664062, 1124.0965576171875, 983.4392700195312]","[809.86865234375, 163.3731231689453, 873.2156982421875, 276.3370361328125]",281,0.56,0.56
"[972.67236328125, 723.00537109375, 1119.2672119140625, 980.449462890625]","[820.880126953125, 161.44552612304688, 878.8294677734375, 276.5920715332031]",282,0.57,0.5
"[962.68798828125, 721.7777709960938, 1110.142333984375, 975.66845703125]","[827.9828491210938, 159.28427124023438, 880.7391967773438, 277.40728759765625]",283,0.58,0.45
"[952.2685546875, 721.4336547851562, 1105.947509765625, 969.1303100585938]","[833.755859375, 158.37939453125, 883.8792114257812, 278.0758972167969]",284,0.62,0.42
"[944.1866455078125, 722.2445678710938, 1097.1412353515625, 967.4260864257812]","[840.9429931640625, 157.60731506347656, 886.7993774414062, 278.63885498046875]",285,0.62,0.38
"[937.7852172851562, 723.831298828125, 1097.416748046875, 966.73974609375]","[850.8964233398438, 158.2564239501953, 890.5628662109375, 278.1464538574219]",286,0.66,0.33
"[933.6967163085938, 725.3411865234375, 1096.1630859375, 966.064697265625]","[855.891845703125, 160.30686950683594, 894.2190551757812, 278.3890075683594]",287,0.67,0.32
"[935.7535400390625, 726.4476318359375, 1109.0626220703125, 965.9761962890625]","[860.260986328125, 161.83094787597656, 902.877197265625, 278.6864013671875]",288,0.72,0.36
"[936.816162109375, 727.0774536132812, 1102.5240478515625, 965.4213256835938]","[865.64892578125, 163.3382110595703, 916.3743286132812, 278.99139404296875]",289,0.7,0.44
"[936.3547973632812, 724.896484375, 1093.4090576171875, 964.4613037109375]","[869.474365234375, 163.5036163330078, 925.5235595703125, 279.0865783691406]",290,0.66,0.48
"[935.409423828125, 722.9472045898438, 1076.552734375, 963.40576171875]","[872.5526123046875, 163.37738037109375, 931.2822875976562, 278.9673767089844]",291,0.59,0.51
"[934.3984985351562, 718.4003295898438, 1066.2379150390625, 963.2404174804688]","[873.4287719726562, 162.86178588867188, 933.8452758789062, 278.92755126953125]",292,0.54,0.52
"[934.0293579101562, 711.2191162109375, 1054.5595703125, 960.3471069335938]","[873.83984375, 160.86346435546875, 935.0641479492188, 278.6152038574219]",293,0.48,0.52
"[928.2285766601562, 703.7645263671875, 1051.704833984375, 956.2160034179688]","[876.161376953125, 159.1369171142578, 935.1104736328125, 278.3023376464844]",294,0.49,0.49
"[921.4833374023438, 697.3754272460938, 1054.7286376953125, 951.5297241210938]","[879.4827880859375, 158.40199279785156, 935.5822143554688, 276.30084228515625]",295,0.52,0.48
"[919.27392578125, 696.9617919921875, 1045.9771728515625, 948.9736328125]","[882.6055908203125, 157.30245971679688, 939.3980102539062, 275.401611328125]",296,0.5,0.48
"[914.4988403320312, 695.3370971679688, 1027.162841796875, 946.5419921875]","[884.9917602539062, 156.6573028564453, 945.5089111328125, 274.39630126953125]",297,0.45,0.51
"[912.3919067382812, 686.614501953125, 1013.2188110351562, 946.4331665039062]","[887.7144165039062, 157.7605438232422, 955.0366821289062, 274.2346496582031]",298,0.39,0.58
"[912.2903442382812, 689.8087158203125, 1002.1201782226562, 945.1604614257812]","[890.8298950195312, 159.2573699951172, 962.5364379882812, 274.7606506347656]",299,0.35,0.62
"[909.9276123046875, 691.8247680664062, 995.616455078125, 943.4114990234375]","[892.2523803710938, 161.70217895507812, 969.405029296875, 275.0950012207031]",300,0.34,0.68
"[903.8253784179688, 691.8116455078125, 996.0856323242188, 941.6798706054688]","[892.5558471679688, 166.74778747558594, 974.7681884765625, 275.0837707519531]",301,0.37,0.76
"[904.5648193359375, 690.9188842773438, 1001.7725219726562, 935.9183959960938]","[892.7808227539062, 170.9795684814453, 976.5970458984375, 274.96636962890625]",302,0.4,0.81
"[903.5230712890625, 689.36376953125, 1009.865966796875, 932.2368774414062]","[892.723876953125, 172.46826171875, 977.0791625976562, 274.6410217285156]",303,0.44,0.83
"[905.2421264648438, 687.2628784179688, 1014.9622802734375, 928.889892578125]","[892.7605590820312, 172.40298461914062, 977.2210693359375, 274.679931640625]",304,0.45,0.83
"[902.4639892578125, 685.7598266601562, 1019.0817260742188, 924.9406127929688]","[892.9425048828125, 171.12579345703125, 977.05322265625, 274.90966796875]",305,0.49,0.81
"[893.4406127929688, 684.9326782226562, 1023.6051635742188, 924.2413940429688]","[896.0853271484375, 170.15492248535156, 980.1626586914062, 274.72296142578125]",306,0.54,0.8
"[886.7929077148438, 684.44091796875, 1031.695556640625, 923.1697998046875]","[904.8680419921875, 168.42002868652344, 985.97265625, 274.4095764160156]",307,0.61,0.77
"[883.272216796875, 686.7704467773438, 1035.55029296875, 924.573486328125]","[917.0256958007812, 167.14694213867188, 993.1834106445312, 274.5139465332031]",308,0.64,0.71
"[879.7864379882812, 689.7644653320312, 1037.3603515625, 927.7758178710938]","[933.690673828125, 167.13880920410156, 1002.072265625, 274.1285095214844]",309,0.66,0.64
"[878.2182006835938, 693.1543579101562, 1037.9957275390625, 932.3485107421875]","[949.7872314453125, 164.5891571044922, 1008.7186889648438, 273.5252990722656]",310,0.67,0.54
"[877.8605346679688, 695.990478515625, 1038.1234130859375, 937.3148803710938]","[956.33447265625, 162.93157958984375, 1016.4042358398438, 273.351318359375]",311,0.66,0.54
"[877.2923583984375, 696.6485595703125, 1038.0169677734375, 941.9133911132812]","[961.3031005859375, 161.32102966308594, 1024.12451171875, 273.725341796875]",312,0.66,0.56
"[877.6557006835938, 694.9302978515625, 1037.2841796875, 943.2642211914062]","[966.4061279296875, 159.69688415527344, 1034.588134765625, 273.38726806640625]",313,0.64,0.6
"[878.201904296875, 691.7152709960938, 1033.689208984375, 944.0654907226562]","[972.5166625976562, 159.14442443847656, 1048.7728271484375, 270.81927490234375]",314,0.62,0.68
"[878.5921630859375, 687.715576171875, 1026.7100830078125, 944.7437133789062]","[983.1215209960938, 158.9898223876953, 1056.6461181640625, 270.4910888671875]",315,0.58,0.66
"[878.6073608398438, 684.424560546875, 1016.091796875, 943.6941528320312]","[994.6907348632812, 161.18321228027344, 1065.2886962890625, 273.0398864746094]",316,0.53,0.63
"[880.1849365234375, 681.5692749023438, 1003.4714965820312, 942.0031127929688]","[1010.7916259765625, 163.33917236328125, 1075.1502685546875, 276.2756042480469]",317,0.47,0.57
"[880.3558959960938, 680.4298095703125, 992.1849975585938, 940.8068237304688]","[1025.574462890625, 165.89859008789062, 1083.42822265625, 277.3831481933594]",318,0.43,0.52
"[872.6456909179688, 681.2211303710938, 983.0203857421875, 941.3150024414062]","[1037.7603759765625, 168.05931091308594, 1089.928466796875, 277.4228820800781]",319,0.42,0.48
"[857.7478637695312, 683.648681640625, 977.5240478515625, 943.0618286132812]","[1046.1549072265625, 168.92015075683594, 1097.5098876953125, 277.9985046386719]",320,0.46,0.47
"[838.5439453125, 688.26318359375, 976.501953125, 945.7799072265625]","[1049.615234375, 170.3380126953125, 1111.4312744140625, 278.0099182128906]",321,0.54,0.57
"[823.4930419921875, 693.1224975585938, 975.9005126953125, 948.8458251953125]","[1052.6900634765625, 168.96969604492188, 1125.2347412109375, 277.768310546875]",322,0.6,0.67
"[816.4960327148438, 697.0167846679688, 976.0618896484375, 951.26708984375]","[1054.6385498046875, 168.2578125, 1136.173828125, 277.0011291503906]",323,0.63,0.75
"[813.8447875976562, 699.93310546875, 975.7702026367188, 953.4423828125]","[1056.0418701171875, 168.18679809570312, 1143.5452880859375, 277.2540588378906]",324,0.64,0.8
"[812.6569213867188, 699.8003540039062, 975.7076416015625, 953.8546142578125]","[1059.50634765625, 168.2079620361328, 1147.1727294921875, 276.9457092285156]",325,0.64,0.81
"[812.4540405273438, 698.1506958007812, 975.0586547851562, 953.8711547851562]","[1065.250732421875, 168.18251037597656, 1148.4176025390625, 275.9607849121094]",326,0.64,0.77
"[812.8798828125, 696.016357421875, 972.8257446289062, 952.7843017578125]","[1075.0396728515625, 167.8192138671875, 1149.948486328125, 275.5417785644531]",327,0.62,0.7
"[813.9903564453125, 693.8705444335938, 966.9641723632812, 951.4273071289062]","[1087.35595703125, 167.73947143554688, 1152.9049072265625, 274.634521484375]",328,0.59,0.61
"[811.8809204101562, 692.3566284179688, 957.609130859375, 950.146728515625]","[1102.4793701171875, 168.14797973632812, 1158.7808837890625, 274.10235595703125]",329,0.57,0.53
"[805.6445922851562, 693.4757690429688, 946.02392578125, 953.2378540039062]","[1113.28515625, 168.6710968017578, 1159.7552490234375, 273.3858337402344]",330,0.54,0.44
"[791.52001953125, 696.2536010742188, 931.8896484375, 957.951171875]","[1119.592529296875, 168.5376434326172, 1165.3563232421875, 272.76531982421875]",331,0.54,0.44
"[774.8486328125, 701.468994140625, 919.4301147460938, 965.3008422851562]","[1121.697998046875, 168.43605041503906, 1175.562744140625, 273.07147216796875]",332,0.55,0.51
"[757.452880859375, 708.6030883789062, 916.0794067382812, 972.2850341796875]","[1124.9395751953125, 171.95901489257812, 1188.199462890625, 273.4391784667969]",333,0.6,0.62
"[739.8709716796875, 717.0546264648438, 914.3775024414062, 978.1116333007812]","[1128.850341796875, 173.38143920898438, 1200.649169921875, 273.40460205078125]",334,0.67,0.72
"[725.6229248046875, 725.0521240234375, 913.5877075195312, 980.7074584960938]","[1134.005615234375, 175.52989196777344, 1206.7969970703125, 273.20953369140625]",335,0.74,0.75
"[713.6973266601562, 730.2952270507812, 913.5192260742188, 981.502197265625]","[1138.3787841796875, 175.81732177734375, 1209.0518798828125, 273.2226867675781]",336,0.8,0.73
"[704.0040893554688, 732.4068603515625, 913.17919921875, 981.6616821289062]","[1144.2935791015625, 175.47767639160156, 1209.936279296875, 272.89764404296875]",337,0.84,0.67
"[699.560791015625, 732.5347900390625, 912.2117919921875, 980.6852416992188]","[1146.0562744140625, 174.60400390625, 1210.050048828125, 272.79547119140625]",338,0.86,0.65
"[697.31689453125, 731.9599609375, 900.8161010742188, 979.9505615234375]","[1146.0640869140625, 173.9815673828125, 1209.9901123046875, 272.51458740234375]",339,0.82,0.65
"[696.1505126953125, 729.5443725585938, 880.03369140625, 979.7147827148438]","[1145.6939697265625, 172.54443359375, 1209.759765625, 271.2699890136719]",340,0.74,0.65
"[695.41259765625, 725.7510986328125, 850.1167602539062, 978.9403686523438]","[1146.14697265625, 170.38314819335938, 1209.326416015625, 270.5379943847656]",341,0.61,0.63
"[694.1741943359375, 721.484619140625, 813.3375244140625, 978.3696899414062]","[1144.96923828125, 168.20167541503906, 1209.0189208984375, 270.1417236328125]",342,0.46,0.63
"[685.916748046875, 717.9675903320312, 778.6119384765625, 977.0150756835938]","[1142.248779296875, 165.52088928222656, 1208.785888671875, 269.9219665527344]",343,0.36,0.64
"[671.960205078125, 713.6090698242188, 760.154052734375, 974.7085571289062]","[1139.1307373046875, 163.5138702392578, 1208.12841796875, 269.83843994140625]",344,0.34,0.65
"[659.9771118164062, 710.6279296875, 748.2491455078125, 969.0224609375]","[1136.4296875, 161.00978088378906, 1206.1778564453125, 269.90240478515625]",345,0.34,0.64
"[650.2342529296875, 708.8168334960938, 738.2363891601562, 966.1477661132812]","[1133.5347900390625, 158.3983154296875, 1200.8702392578125, 269.8894348144531]",346,0.34,0.6
"[628.5877685546875, 707.2647705078125, 728.7706909179688, 963.76318359375]","[1131.6014404296875, 156.75762939453125, 1192.759033203125, 270.216064453125]",347,0.39,0.54
"[611.8685913085938, 706.6876220703125, 719.7192993164062, 962.2617797851562]","[1128.3218994140625, 155.0101776123047, 1184.0911865234375, 269.7710266113281]",348,0.42,0.49
"[605.5645751953125, 707.5081176757812, 711.6442260742188, 961.718505859375]","[1125.9984130859375, 154.86312866210938, 1172.4151611328125, 268.8548278808594]",349,0.42,0.41
"[600.0473022460938, 707.5113525390625, 703.629150390625, 961.7948608398438]","[1123.095947265625, 154.9091339111328, 1164.2972412109375, 269.1484375]",350,0.41,0.36
"[592.0696411132812, 707.746337890625, 696.5811157226562, 962.0521240234375]","[1119.441162109375, 156.62722778320312, 1158.361083984375, 269.79949951171875]",351,0.41,0.34
"[584.0047607421875, 707.7723999023438, 689.9480590820312, 962.1155395507812]","[1113.5728759765625, 158.0703582763672, 1155.88232421875, 269.85150146484375]",352,0.42,0.38
"[577.2073364257812, 707.1912841796875, 683.2311401367188, 962.4703369140625]","[1104.2557373046875, 159.66464233398438, 1155.1632080078125, 269.5220947265625]",353,0.42,0.46
"[570.7005615234375, 706.8651123046875, 676.8859252929688, 962.783447265625]","[1094.7520751953125, 161.97230529785156, 1155.039794921875, 269.6171569824219]",354,0.41,0.56
"[563.1194458007812, 706.7493286132812, 670.5725708007812, 963.1098022460938]","[1086.2061767578125, 163.48159790039062, 1155.238525390625, 269.3278503417969]",355,0.42,0.65
"[555.3211669921875, 705.4912719726562, 664.8396606445312, 962.5197143554688]","[1081.005126953125, 162.8441162109375, 1155.3868408203125, 271.31451416015625]",356,0.43,0.69
"[546.230712890625, 703.5401611328125, 659.2491455078125, 961.1678466796875]","[1077.7144775390625, 162.27178955078125, 1155.0955810546875, 272.2939147949219]",357,0.44,0.7
"[536.400146484375, 706.9948120117188, 656.3189086914062, 960.4570922851562]","[1076.142822265625, 161.56427001953125, 1153.9808349609375, 272.6686096191406]",358,0.47,0.7
"[527.0757446289062, 705.4281005859375, 655.11572265625, 958.919921875]","[1075.89794921875, 160.82972717285156, 1149.0736083984375, 272.8720397949219]",359,0.51,0.65
"[515.321533203125, 710.3319702148438, 653.7086791992188, 957.4307250976562]","[1075.193359375, 158.62469482421875, 1140.807373046875, 273.2713317871094]",360,0.56,0.57
"[516.3770141601562, 714.230224609375, 651.0664672851562, 954.8050537109375]","[1072.236572265625, 157.67578125, 1130.8780517578125, 273.5568542480469]",361,0.56,0.51
"[526.4757080078125, 716.9819946289062, 649.2251586914062, 950.6452026367188]","[1068.9866943359375, 156.32174682617188, 1120.2784423828125, 273.6779479980469]",362,0.53,0.44
"[538.6367797851562, 719.2993774414062, 645.6087646484375, 945.5040283203125]","[1065.0252685546875, 155.18643188476562, 1109.1243896484375, 274.1676940917969]",363,0.47,0.37
"[538.3452758789062, 721.3275756835938, 640.6039428710938, 938.5745239257812]","[1060.6143798828125, 155.21780395507812, 1101.990478515625, 274.3536376953125]",364,0.47,0.35
"[536.9263305664062, 722.260009765625, 649.5241088867188, 929.4971313476562]","[1057.0506591796875, 155.78631591796875, 1096.098876953125, 274.916015625]",365,0.54,0.33
"[536.1788940429688, 721.3076171875, 659.7523803710938, 923.097900390625]","[1047.04345703125, 156.5623016357422, 1092.0487060546875, 275.69390869140625]",366,0.61,0.38
"[537.7744750976562, 720.1196899414062, 669.54345703125, 917.5960083007812]","[1034.5810546875, 159.560546875, 1087.30712890625, 276.8206787109375]",367,0.67,0.45
"[542.3428955078125, 712.5664672851562, 676.1786499023438, 912.3267211914062]","[1023.4120483398438, 162.8832550048828, 1083.7398681640625, 278.8304748535156]",368,0.67,0.52
"[542.9403076171875, 704.980224609375, 682.3174438476562, 907.600830078125]","[1014.7649536132812, 167.5643768310547, 1082.31591796875, 279.73541259765625]",369,0.69,0.6
"[531.2495727539062, 700.04052734375, 687.6168823242188, 905.6299438476562]","[1010.5028076171875, 172.54696655273438, 1082.4656982421875, 279.946044921875]",370,0.76,0.67
"[520.886962890625, 696.7726440429688, 692.8389892578125, 903.9534912109375]","[1009.0194091796875, 176.50338745117188, 1082.6617431640625, 280.0382080078125]",371,0.83,0.71
"[513.9136962890625, 692.4264526367188, 695.6384887695312, 905.4871826171875]","[1008.8761596679688, 179.06097412109375, 1080.621826171875, 279.95068359375]",372,0.85,0.71
"[511.8037109375, 688.3723754882812, 696.5769653320312, 907.9102172851562]","[1009.1697998046875, 179.74932861328125, 1078.71728515625, 280.432373046875]",373,0.84,0.69
"[515.5780029296875, 685.6088256835938, 704.7786865234375, 909.5217895507812]","[1009.3206176757812, 178.35877990722656, 1077.7685546875, 280.82177734375]",374,0.84,0.67
"[529.5296630859375, 683.8525390625, 711.05712890625, 910.03125]","[1009.6177978515625, 177.3076629638672, 1077.97705078125, 280.94219970703125]",375,0.8,0.66
"[547.9835815429688, 682.3864135742188, 715.7362670898438, 909.6097412109375]","[1010.668701171875, 174.7305908203125, 1078.44384765625, 280.9199523925781]",376,0.74,0.64
"[557.5629272460938, 682.1304931640625, 719.9496459960938, 909.5419311523438]","[1013.129150390625, 173.04855346679688, 1079.845703125, 280.9969177246094]",377,0.71,0.62
"[560.8323974609375, 681.5112915039062, 724.0745239257812, 909.9059448242188]","[1018.5426635742188, 171.95074462890625, 1081.8748779296875, 280.8935241699219]",378,0.71,0.58
"[561.9539794921875, 680.0355224609375, 728.7899169921875, 910.7891235351562]","[1024.289306640625, 171.10874938964844, 1084.156982421875, 282.54150390625]",379,0.72,0.54
"[562.2557983398438, 677.2529907226562, 734.4179077148438, 911.4703369140625]","[1031.268798828125, 170.50665283203125, 1086.1627197265625, 284.26361083984375]",380,0.74,0.48
"[562.3497314453125, 674.3255615234375, 740.184326171875, 911.522705078125]","[1037.2542724609375, 170.63490295410156, 1088.551025390625, 285.34625244140625]",381,0.75,0.45
"[561.71630859375, 671.9481811523438, 746.2061157226562, 911.2648315429688]","[1039.3692626953125, 171.26034545898438, 1090.3294677734375, 285.7587585449219]",382,0.77,0.45
"[565.0640258789062, 668.5115966796875, 751.1187133789062, 912.8291015625]","[1039.966064453125, 172.06802368164062, 1091.1358642578125, 285.8992614746094]",383,0.76,0.45
"[577.0208129882812, 665.7031860351562, 753.7717895507812, 913.3901977539062]","[1040.1861572265625, 174.32447814941406, 1094.4532470703125, 285.8837890625]",384,0.71,0.49
"[599.2625732421875, 662.4075317382812, 755.5277709960938, 913.9624633789062]","[1040.37744140625, 175.68377685546875, 1098.2880859375, 285.94012451171875]",385,0.62,0.53
"[627.6525268554688, 660.005859375, 757.2828979492188, 913.2523193359375]","[1040.9873046875, 177.29550170898438, 1101.8033447265625, 286.11627197265625]",386,0.51,0.56
"[646.2233276367188, 657.828125, 757.4345703125, 914.8322143554688]","[1043.185302734375, 178.4447021484375, 1104.18994140625, 286.32391357421875]",387,0.43,0.57
"[657.838623046875, 657.5865478515625, 757.4741821289062, 918.6996459960938]","[1045.748291015625, 179.63858032226562, 1107.0047607421875, 286.8871765136719]",388,0.38,0.57
"[668.325439453125, 658.6346435546875, 760.1677856445312, 923.5225830078125]","[1048.858154296875, 181.25889587402344, 1108.30712890625, 287.06329345703125]",389,0.35,0.56
"[677.3740844726562, 660.1218872070312, 776.8643798828125, 928.80029296875]","[1051.8699951171875, 183.037841796875, 1111.788330078125, 287.5784606933594]",390,0.37,0.57
"[685.4967041015625, 662.6195678710938, 792.9854736328125, 931.7882690429688]","[1054.06494140625, 184.89834594726562, 1115.2886962890625, 288.203857421875]",391,0.4,0.59
"[692.78173828125, 663.5283203125, 801.9999389648438, 932.6400146484375]","[1056.6953125, 186.4095916748047, 1116.5167236328125, 289.79656982421875]",392,0.41,0.58
"[700.2484130859375, 662.9039916992188, 805.2929077148438, 931.7845458984375]","[1058.1180419921875, 187.45872497558594, 1117.7352294921875, 291.9091796875]",393,0.39,0.57
"[708.5127563476562, 661.4345703125, 808.1124877929688, 928.2725830078125]","[1059.6712646484375, 186.9785614013672, 1119.358642578125, 291.5709533691406]",394,0.37,0.57
"[716.1630859375, 660.5138549804688, 816.4449462890625, 925.3435668945312]","[1061.2864990234375, 186.7185516357422, 1120.102294921875, 293.2806091308594]",395,0.38,0.55
"[725.495849609375, 660.564208984375, 828.7254028320312, 924.0953979492188]","[1063.3104248046875, 183.76771545410156, 1121.2022705078125, 296.86956787109375]",396,0.39,0.51
"[733.6357421875, 661.3641967773438, 853.0933837890625, 925.4440307617188]","[1064.482177734375, 183.370361328125, 1122.9139404296875, 299.4316101074219]",397,0.45,0.5
"[736.7431030273438, 663.2460327148438, 870.2369384765625, 928.9721069335938]","[1065.2388916015625, 184.02813720703125, 1125.611083984375, 301.0594482421875]",398,0.5,0.52
"[737.3613891601562, 665.6167602539062, 878.4525756835938, 931.6256103515625]","[1066.72216796875, 186.3297882080078, 1127.677978515625, 301.5899658203125]",399,0.53,0.53
"[737.5922241210938, 666.5440063476562, 881.41650390625, 930.5247802734375]","[1068.0770263671875, 199.23007202148438, 1129.349365234375, 301.63385009765625]",400,0.54,0.6
"[739.099609375, 664.701416015625, 882.31396484375, 928.224853515625]","[1068.8770751953125, 206.61972045898438, 1132.539794921875, 301.7263488769531]",401,0.54,0.67
"[742.9125366210938, 661.9854736328125, 883.0874633789062, 925.1359252929688]","[1069.1715087890625, 211.0997772216797, 1127.5733642578125, 301.8109436035156]",402,0.53,0.64
"[755.3289794921875, 658.727294921875, 885.3203125, 919.96240234375]","[1068.921875, 214.10597229003906, 1121.79443359375, 301.4593200683594]",403,0.5,0.61
"[770.0095825195312, 657.4380493164062, 894.4631958007812, 915.6676635742188]","[1068.114501953125, 215.73497009277344, 1119.5318603515625, 301.0408020019531]",404,0.48,0.6
"[784.1506958007812, 657.6831665039062, 911.1707763671875, 911.9299926757812]","[1064.4437255859375, 216.61819458007812, 1118.3594970703125, 300.9238586425781]",405,0.5,0.64
"[797.4412231445312, 659.5220336914062, 934.3778076171875, 909.236572265625]","[1066.338134765625, 214.1605224609375, 1118.4346923828125, 300.5313720703125]",406,0.55,0.6
"[803.9203491210938, 664.1116333007812, 951.7735595703125, 908.7811889648438]","[1067.068359375, 210.03858947753906, 1118.1671142578125, 300.6062927246094]",407,0.6,0.56
"[805.8783569335938, 669.6210327148438, 961.4530029296875, 908.3713989257812]","[1046.9541015625, 206.5069580078125, 1121.4619140625, 301.35150146484375]",408,0.65,0.79
"[806.5249633789062, 677.7481079101562, 967.5263061523438, 910.069091796875]","[1039.00048828125, 202.29815673828125, 1123.7364501953125, 302.0574645996094]",409,0.69,0.85
"[808.4501953125, 684.7290649414062, 969.8328857421875, 910.6676025390625]","[1035.259033203125, 196.55902099609375, 1125.65771484375, 302.1681213378906]",410,0.71,0.86
"[809.0992431640625, 689.0242309570312, 969.5100708007812, 910.447021484375]","[1032.420166015625, 190.7740936279297, 1127.3685302734375, 302.0569152832031]",411,0.72,0.85
"[809.1300659179688, 689.3603515625, 969.65771484375, 909.1602783203125]","[1030.294189453125, 187.13278198242188, 1127.306396484375, 301.5767517089844]",412,0.73,0.85
"[808.2948608398438, 688.284423828125, 967.7418823242188, 907.6141357421875]","[1028.0057373046875, 185.84703063964844, 1125.31396484375, 300.17254638671875]",413,0.73,0.85
"[807.9535522460938, 686.6588134765625, 964.4635009765625, 906.6104736328125]","[1025.3245849609375, 184.8514404296875, 1121.8077392578125, 299.2739562988281]",414,0.71,0.84
"[808.0433959960938, 684.2827758789062, 954.4112548828125, 906.4638061523438]","[1023.0160522460938, 183.2066192626953, 1116.35595703125, 298.4596862792969]",415,0.66,0.81
"[807.4464111328125, 684.6738891601562, 940.638427734375, 907.0287475585938]","[1021.6454467773438, 181.67625427246094, 1109.8167724609375, 298.781982421875]",416,0.6,0.75
"[800.021240234375, 685.4027709960938, 923.778564453125, 909.222412109375]","[1021.5872802734375, 179.9462890625, 1104.1455078125, 298.9966125488281]",417,0.55,0.69
"[792.162353515625, 686.9041748046875, 919.2730712890625, 912.1093139648438]","[1021.4923095703125, 178.03109741210938, 1097.7889404296875, 298.5299377441406]",418,0.56,0.63
"[788.0826416015625, 689.5394897460938, 917.873046875, 915.0011596679688]","[1021.1898193359375, 176.36610412597656, 1093.0765380859375, 298.40374755859375]",419,0.58,0.59
"[786.1646728515625, 691.8660278320312, 915.9942626953125, 919.2740478515625]","[1021.6644287109375, 174.64505004882812, 1089.3770751953125, 298.216796875]",420,0.57,0.55
"[785.5557250976562, 693.621337890625, 915.2708129882812, 924.5291748046875]","[1021.4434204101562, 173.39437866210938, 1085.73486328125, 298.4715270996094]",421,0.56,0.51
"[784.5123291015625, 694.3518676757812, 915.1983032226562, 930.7620849609375]","[1018.7487182617188, 173.22825622558594, 1084.28271484375, 298.4051513671875]",422,0.55,0.52
"[784.318115234375, 694.927978515625, 915.4468994140625, 935.8519897460938]","[1016.8419799804688, 173.1949920654297, 1083.2872314453125, 297.4966735839844]",423,0.54,0.53
"[784.398681640625, 694.412841796875, 912.746826171875, 938.5491943359375]","[1015.2752075195312, 173.42201232910156, 1082.1827392578125, 296.7994079589844]",424,0.53,0.54
"[783.9918823242188, 694.4946899414062, 906.1530151367188, 940.0426025390625]","[1012.474853515625, 172.47048950195312, 1080.31103515625, 294.9659423828125]",425,0.5,0.55
"[781.08349609375, 692.8926391601562, 899.0232543945312, 940.6396484375]","[1010.5866088867188, 170.5919189453125, 1078.0787353515625, 293.79498291015625]",426,0.48,0.55
"[777.3827514648438, 691.623291015625, 888.103271484375, 940.88525390625]","[1009.7479248046875, 168.70570373535156, 1072.059326171875, 292.8517150878906]",427,0.44,0.5
"[771.7030029296875, 689.6150512695312, 876.6246337890625, 940.8692016601562]","[1008.5680541992188, 165.94000244140625, 1067.039794921875, 292.2964782714844]",428,0.42,0.46
"[765.2874755859375, 687.9249267578125, 869.5795288085938, 941.7114868164062]","[1007.1864013671875, 163.61846923828125, 1060.1007080078125, 291.4942932128906]",429,0.41,0.41
"[760.6790161132812, 687.2318115234375, 864.007568359375, 943.2428588867188]","[1005.8117065429688, 162.62753295898438, 1054.0440673828125, 291.47088623046875]",430,0.4,0.37
"[755.3524169921875, 687.2982788085938, 859.8432006835938, 944.91748046875]","[1004.5039672851562, 162.70126342773438, 1049.0751953125, 291.2496643066406]",431,0.41,0.35
"[753.3228759765625, 686.6793212890625, 856.3150634765625, 945.6692504882812]","[1003.5297241210938, 163.35980224609375, 1046.5469970703125, 290.8396301269531]",432,0.4,0.34
"[751.3440551757812, 685.5169067382812, 851.8032836914062, 945.76318359375]","[1002.2066040039062, 164.4713897705078, 1043.349609375, 290.77734375]",433,0.39,0.33
"[748.491943359375, 685.6758422851562, 848.3590698242188, 945.92529296875]","[1000.8216552734375, 166.5882110595703, 1041.2034912109375, 290.8927001953125]",434,0.38,0.32
"[746.9489135742188, 685.6572875976562, 844.4968872070312, 945.1582641601562]","[999.7015380859375, 167.6731719970703, 1039.428955078125, 289.95172119140625]",435,0.38,0.32
"[746.0059204101562, 684.4354858398438, 841.6929321289062, 944.6683349609375]","[998.7620239257812, 168.85523986816406, 1037.974609375, 290.2119140625]",436,0.37,0.32
"[743.7391967773438, 682.4877319335938, 837.9483032226562, 945.3389892578125]","[998.047607421875, 169.9080810546875, 1036.2701416015625, 290.6724853515625]",437,0.36,0.32
"[740.9232177734375, 683.7298583984375, 835.0433349609375, 945.3251342773438]","[997.4849853515625, 170.84451293945312, 1035.0057373046875, 289.7801818847656]",438,0.36,0.32
"[735.6924438476562, 683.1060180664062, 832.065673828125, 944.61669921875]","[996.3548583984375, 171.77035522460938, 1033.38330078125, 288.108154296875]",439,0.37,0.32
"[729.7998657226562, 686.3271484375, 830.8375854492188, 943.51708984375]","[993.5723266601562, 171.1730194091797, 1031.117919921875, 285.9833068847656]",440,0.39,0.33
"[722.1419677734375, 687.6759033203125, 828.8589477539062, 943.2412719726562]","[987.935302734375, 169.67974853515625, 1029.896240234375, 285.0783386230469]",441,0.42,0.36
"[715.6987915039062, 689.5692749023438, 828.10546875, 942.2232666015625]","[982.6764526367188, 167.92642211914062, 1028.1500244140625, 283.7971496582031]",442,0.44,0.39
"[711.1748657226562, 691.3543701171875, 827.5706176757812, 940.3063354492188]","[976.1348876953125, 165.6615753173828, 1025.8409423828125, 282.34832763671875]",443,0.47,0.43
"[720.2008056640625, 692.0433959960938, 828.0563354492188, 937.5167236328125]","[969.6824951171875, 164.6144256591797, 1024.1400146484375, 281.617919921875]",444,0.44,0.47
"[731.742431640625, 693.081298828125, 828.1210327148438, 931.4302978515625]","[963.4168701171875, 164.3026580810547, 1022.9603271484375, 281.0496520996094]",445,0.4,0.51
"[734.2399291992188, 693.734130859375, 830.4758911132812, 925.9834594726562]","[957.4364013671875, 164.37596130371094, 1022.4777221679688, 280.75836181640625]",446,0.41,0.56
"[735.4020385742188, 692.804931640625, 849.5877075195312, 921.011474609375]","[951.000244140625, 166.0084991455078, 1022.37646484375, 282.044677734375]",447,0.5,0.62
"[737.9281005859375, 689.6136474609375, 864.7823486328125, 917.5767822265625]","[945.5654907226562, 169.07943725585938, 1022.5258178710938, 284.169921875]",448,0.56,0.67
"[743.8153076171875, 670.20751953125, 880.0164184570312, 913.7885131835938]","[941.9526977539062, 173.25648498535156, 1022.6595458984375, 284.9502258300781]",449,0.56,0.72
"[749.094482421875, 655.7738037109375, 885.5540161132812, 910.8094482421875]","[938.4716186523438, 177.40602111816406, 1022.6466064453125, 285.2791748046875]",450,0.54,0.78
"[752.489990234375, 645.6460571289062, 885.9159545898438, 910.4291381835938]","[936.7957763671875, 180.7972412109375, 1022.7689208984375, 285.54351806640625]",451,0.5,0.82
"[749.4364013671875, 636.260498046875, 887.3355712890625, 910.2833251953125]","[936.0169067382812, 182.0269012451172, 1022.9076538085938, 285.71966552734375]",452,0.5,0.84
"[741.0450439453125, 632.9449462890625, 888.362060546875, 911.1573486328125]","[935.3178100585938, 181.37901306152344, 1022.8912963867188, 285.9068298339844]",453,0.53,0.84
"[734.3211059570312, 633.91650390625, 892.0597534179688, 912.3866577148438]","[934.0106811523438, 180.2621612548828, 1022.222900390625, 286.14599609375]",454,0.57,0.83
"[734.603515625, 638.259521484375, 894.7064208984375, 913.741943359375]","[928.2667236328125, 179.0818328857422, 1013.4837036132812, 285.8065185546875]",455,0.58,0.8
"[744.118896484375, 642.1845092773438, 897.1199340820312, 914.114013671875]","[921.8308715820312, 178.4809112548828, 1000.6795043945312, 285.7088317871094]",456,0.56,0.74
"[759.4754028320312, 643.0884399414062, 900.7855224609375, 914.3033447265625]","[915.25927734375, 178.24195861816406, 983.3060302734375, 286.1025390625]",457,0.52,0.63
"[774.85498046875, 648.55126953125, 902.8482055664062, 914.85107421875]","[907.372802734375, 177.9975128173828, 966.1503295898438, 286.47979736328125]",458,0.48,0.54
"[782.53125, 652.594482421875, 906.247802734375, 914.13134765625]","[900.81298828125, 177.6258087158203, 951.5957641601562, 288.1760559082031]",459,0.47,0.46
"[788.75341796875, 657.6304931640625, 910.0294799804688, 913.4557495117188]","[893.4810791015625, 177.17623901367188, 942.2680053710938, 290.521240234375]",460,0.47,0.43
"[798.8635864257812, 662.022705078125, 915.7936401367188, 915.661865234375]","[886.5687255859375, 178.01947021484375, 936.9220581054688, 291.4976501464844]",461,0.46,0.44
"[805.7573852539062, 666.0209350585938, 924.9244995117188, 920.0017700195312]","[876.4236450195312, 177.8965606689453, 935.525634765625, 291.41314697265625]",462,0.47,0.52
"[809.1187133789062, 671.5726318359375, 939.44091796875, 923.890625]","[865.5891723632812, 177.08981323242188, 934.80517578125, 291.20245361328125]",463,0.52,0.61
"[810.0076904296875, 675.6513671875, 954.5949096679688, 925.6943969726562]","[858.6785888671875, 177.0380401611328, 933.7821044921875, 291.06658935546875]",464,0.58,0.66
"[810.0097045898438, 678.6421508789062, 963.5957641601562, 927.1861572265625]","[853.193603515625, 176.6953887939453, 928.37890625, 291.0818176269531]",465,0.62,0.66
"[809.9330444335938, 679.1016845703125, 969.0819702148438, 928.9259643554688]","[846.0951538085938, 174.55783081054688, 920.0039672851562, 288.22979736328125]",466,0.64,0.65
"[811.6285400390625, 678.0908203125, 970.591552734375, 931.6260375976562]","[838.322509765625, 174.2517852783203, 907.3960571289062, 286.4133605957031]",467,0.63,0.62
"[819.9373168945312, 675.7943725585938, 971.2890014648438, 932.5269775390625]","[830.705078125, 173.59620666503906, 891.5186767578125, 285.0722961425781]",468,0.59,0.55
"[838.0790405273438, 672.4462890625, 971.4360961914062, 930.7225952148438]","[823.1796264648438, 172.58384704589844, 879.7152709960938, 285.1667175292969]",469,0.52,0.5
"[861.6830444335938, 670.4469604492188, 974.510009765625, 928.50927734375]","[815.5228881835938, 172.69973754882812, 870.8181762695312, 284.6605529785156]",470,0.44,0.49
"[882.5729370117188, 669.4071655273438, 981.476318359375, 928.854736328125]","[807.2271118164062, 173.8928985595703, 862.9766845703125, 285.0341491699219]",471,0.38,0.5
"[895.388916015625, 669.9878540039062, 996.0119018554688, 932.0322875976562]","[799.3742065429688, 175.81570434570312, 855.2366333007812, 285.5762634277344]",472,0.38,0.51
"[904.5447387695312, 671.969970703125, 1018.675048828125, 936.4055786132812]","[790.1332397460938, 178.27259826660156, 848.8002319335938, 285.4259033203125]",473,0.43,0.55
"[912.6837158203125, 675.4688110351562, 1039.1605224609375, 939.0609741210938]","[781.8123779296875, 181.3209991455078, 841.8751831054688, 284.592041015625]",474,0.48,0.58
"[917.9258422851562, 680.789306640625, 1059.0587158203125, 941.3037109375]","[774.9193115234375, 183.78538513183594, 835.7734375, 282.6305236816406]",475,0.54,0.62
"[919.4651489257812, 685.2738647460938, 1071.884033203125, 942.46142578125]","[768.128662109375, 186.7239227294922, 829.6695556640625, 284.4279479980469]",476,0.59,0.63
"[919.522216796875, 688.7484741210938, 1081.243896484375, 945.3040161132812]","[760.1732788085938, 188.24139404296875, 825.1610717773438, 283.8556823730469]",477,0.63,0.68
"[919.5888061523438, 690.924560546875, 1084.58837890625, 949.2322998046875]","[754.179443359375, 189.96099853515625, 819.483642578125, 284.0286865234375]",478,0.64,0.69
"[920.181396484375, 691.8970336914062, 1085.489013671875, 951.4368286132812]","[750.7853393554688, 190.6302032470703, 814.496337890625, 284.6103820800781]",479,0.64,0.68
"[921.92138671875, 690.4432373046875, 1085.56201171875, 952.2612915039062]","[746.84521484375, 191.94078063964844, 809.7840576171875, 285.3017883300781]",480,0.63,0.67
"[929.0902099609375, 687.4948120117188, 1084.9818115234375, 949.7662963867188]","[743.4175415039062, 192.38934326171875, 805.988525390625, 288.3934326171875]",481,0.59,0.65
"[943.6336669921875, 683.8242797851562, 1085.623046875, 947.58984375]","[741.5548706054688, 191.71365356445312, 802.7186279296875, 290.0484313964844]",482,0.54,0.62
"[958.0936889648438, 680.8391723632812, 1089.71240234375, 944.0786743164062]","[738.6209716796875, 190.92132568359375, 799.8117065429688, 290.77117919921875]",483,0.5,0.61
"[970.7111206054688, 680.2914428710938, 1098.450439453125, 941.5228881835938]","[732.1104736328125, 189.7749481201172, 797.361572265625, 291.1575927734375]",484,0.49,0.64
"[978.93212890625, 680.5330810546875, 1113.7576904296875, 941.2425537109375]","[736.176513671875, 188.6138458251953, 794.8132934570312, 291.2921142578125]",485,0.52,0.57
"[985.010986328125, 682.9326782226562, 1133.2664794921875, 946.2870483398438]","[737.4091796875, 187.37936401367188, 791.4657592773438, 291.4163818359375]",486,0.56,0.52
"[988.1724243164062, 687.5834350585938, 1150.6844482421875, 950.9177856445312]","[736.1199951171875, 184.17431640625, 787.7191162109375, 291.8008728027344]",487,0.62,0.48
"[988.7720336914062, 694.8074340820312, 1160.574951171875, 953.7017822265625]","[734.3731689453125, 182.47979736328125, 783.2090454101562, 292.47381591796875]",488,0.66,0.44
"[989.5405883789062, 705.2826538085938, 1168.6690673828125, 956.4581909179688]","[732.2987060546875, 181.69744873046875, 777.3595581054688, 292.1464538574219]",489,0.71,0.41
"[990.5087890625, 715.9989624023438, 1173.0537109375, 958.2305908203125]","[728.9769897460938, 180.4752197265625, 773.8473510742188, 291.9117736816406]",490,0.75,0.4
"[987.9326782226562, 724.5086669921875, 1174.1402587890625, 957.6807861328125]","[718.682861328125, 179.24697875976562, 768.579833984375, 292.3231506347656]",491,0.8,0.44
"[990.3216552734375, 730.7059326171875, 1174.100341796875, 957.527099609375]","[709.5675048828125, 178.2624053955078, 766.1171875, 292.35894775390625]",492,0.81,0.5
"[998.6260375976562, 734.0881958007812, 1174.0506591796875, 956.7918090820312]","[705.417236328125, 177.62814331054688, 765.8794555664062, 292.1973876953125]",493,0.79,0.53
"[994.6160888671875, 733.782958984375, 1173.462890625, 956.0012817382812]","[703.7821044921875, 176.86883544921875, 765.0546875, 292.1573486328125]",494,0.8,0.53
"[985.4854125976562, 731.18408203125, 1170.9947509765625, 955.677490234375]","[703.4193725585938, 176.59133911132812, 764.7186889648438, 291.538818359375]",495,0.83,0.53
"[971.6597900390625, 730.3976440429688, 1164.46240234375, 955.9010620117188]","[703.3944702148438, 175.0673370361328, 764.71630859375, 290.92620849609375]",496,0.85,0.53
"[956.7584228515625, 732.3136596679688, 1147.4617919921875, 955.5979614257812]","[703.7777709960938, 173.48483276367188, 764.6830444335938, 289.7867431640625]",497,0.85,0.52
"[939.1036376953125, 733.4566040039062, 1122.59912109375, 955.0736083984375]","[704.32373046875, 171.36386108398438, 764.9564819335938, 287.7590026855469]",498,0.83,0.52
"[921.8047485351562, 733.953857421875, 1087.2196044921875, 954.5950317382812]","[704.7220458984375, 170.0424346923828, 766.7967529296875, 286.8258972167969]",499,0.75,0.53
"[902.9930419921875, 734.1087036132812, 1061.38037109375, 954.838623046875]","[705.447021484375, 170.40306091308594, 768.9363403320312, 286.155517578125]",500,0.72,0.55
"[883.3584594726562, 734.7808227539062, 1049.27099609375, 954.18896484375]","[707.1558227539062, 172.37515258789062, 771.24267578125, 285.39501953125]",501,0.76,0.57
"[868.0805053710938, 733.8104248046875, 1041.455322265625, 954.1415405273438]","[707.640625, 175.0832977294922, 774.4153442382812, 284.60345458984375]",502,0.79,0.61
"[848.6972045898438, 733.8041381835938, 1027.4097900390625, 949.0082397460938]","[707.3392333984375, 176.8834991455078, 776.7161865234375, 284.62103271484375]",503,0.83,0.64
"[822.9400634765625, 734.4895629882812, 1007.0077514648438, 952.571044921875]","[707.0658569335938, 178.19125366210938, 779.3201904296875, 284.3891296386719]",504,0.84,0.68
"[794.6171264648438, 738.7075805664062, 967.8013305664062, 953.6685180664062]","[706.7870483398438, 178.94882202148438, 781.6661376953125, 284.40301513671875]",505,0.81,0.71
"[764.3126220703125, 742.078369140625, 917.605712890625, 953.98291015625]","[706.9751586914062, 177.9758758544922, 787.2432250976562, 284.8507385253906]",506,0.72,0.75
"[739.6883544921875, 746.2321166992188, 892.705810546875, 963.55029296875]","[708.1550903320312, 177.32228088378906, 792.8712158203125, 284.89801025390625]",507,0.7,0.79
"[718.8883056640625, 751.357421875, 882.468505859375, 970.842529296875]","[716.4120483398438, 176.9396514892578, 798.1015625, 284.3294982910156]",508,0.75,0.76
"[687.4161987304688, 753.4425048828125, 874.8295288085938, 973.739013671875]","[728.4586791992188, 177.00692749023438, 803.78125, 283.6232604980469]",509,0.85,0.71
"[639.1793212890625, 757.779052734375, 865.9796752929688, 975.3151245117188]","[743.2056884765625, 175.82350158691406, 809.9635009765625, 283.54315185546875]",510,1.04,0.62
"[594.44482421875, 763.235595703125, 852.0350341796875, 980.025146484375]","[755.0816650390625, 173.22366333007812, 815.5093383789062, 282.4063720703125]",511,1.19,0.55
"[556.9627075195312, 768.7106323242188, 833.2249755859375, 994.090087890625]","[761.6063842773438, 171.45823669433594, 822.6272583007812, 283.79571533203125]",512,1.23,0.54
"[523.896484375, 775.3773803710938, 808.1920166015625, 1008.056396484375]","[767.682861328125, 170.59808349609375, 828.7845458984375, 284.5132751464844]",513,1.22,0.54
"[501.22332763671875, 784.0072021484375, 780.572509765625, 1014.5660400390625]","[775.1376953125, 169.7913055419922, 834.8231201171875, 284.9635314941406]",514,1.21,0.52
"[475.30865478515625, 794.260498046875, 755.85302734375, 1020.255859375]","[785.4601440429688, 169.70318603515625, 841.5694580078125, 285.7027587890625]",515,1.24,0.48
"[455.0094299316406, 804.3933715820312, 736.6776733398438, 1024.9666748046875]","[801.9498291015625, 169.36895751953125, 847.6517333984375, 285.69000244140625]",516,1.28,0.39
"[438.6530456542969, 815.0760498046875, 717.7210083007812, 1028.0958251953125]","[810.9791870117188, 168.88446044921875, 854.9620361328125, 285.7774658203125]",517,1.31,0.38
"[429.0606384277344, 817.2880249023438, 700.826904296875, 1030.6741943359375]","[814.374755859375, 167.90492248535156, 864.0213623046875, 285.2330627441406]",518,1.27,0.42
"[425.6522216796875, 829.7000122070312, 685.8006591796875, 1031.3929443359375]","[817.620849609375, 167.2865447998047, 875.7648315429688, 284.7190856933594]",519,1.29,0.5
"[424.10675048828125, 833.0132446289062, 673.824951171875, 1031.250732421875]","[824.9271240234375, 167.45457458496094, 891.9826049804688, 283.6487121582031]",520,1.26,0.58
"[424.5809631347656, 835.9215698242188, 663.3515625, 1030.6531982421875]","[838.6023559570312, 168.7368621826172, 907.83544921875, 284.2491455078125]",521,1.23,0.6
"[425.59674072265625, 837.038330078125, 655.4682006835938, 1030.2542724609375]","[850.4600219726562, 171.27548217773438, 923.1736450195312, 285.9387512207031]",522,1.19,0.63
"[426.7370910644531, 834.0777587890625, 648.1919555664062, 1030.14306640625]","[861.06884765625, 175.1713409423828, 935.9312744140625, 287.29931640625]",523,1.13,0.67
"[427.820068359375, 828.5752563476562, 643.2597045898438, 1029.921875]","[869.4283447265625, 180.013427734375, 945.3261108398438, 287.4729919433594]",524,1.07,0.71
"[428.7156982421875, 821.9689331054688, 638.3516845703125, 1029.6756591796875]","[876.24853515625, 185.52928161621094, 950.1708984375, 287.8015441894531]",525,1.01,0.72
"[429.3282165527344, 813.982421875, 632.3770141601562, 1029.371826171875]","[881.322509765625, 189.93560791015625, 952.1221923828125, 288.01953125]",526,0.94,0.72
"[429.88555908203125, 805.8714599609375, 628.143798828125, 1029.0712890625]","[886.4767456054688, 192.4391326904297, 952.9622192382812, 288.21942138671875]",527,0.89,0.69
"[430.4660949707031, 798.3573608398438, 620.72802734375, 1028.780517578125]","[890.6580810546875, 192.9746551513672, 952.820068359375, 288.5823669433594]",528,0.83,0.65
"[430.8682861328125, 790.1332397460938, 611.0285034179688, 1028.6622314453125]","[892.0162963867188, 192.51870727539062, 952.412109375, 288.6722717285156]",529,0.76,0.63
"[431.9194030761719, 781.990234375, 612.0977172851562, 1027.7371826171875]","[892.199462890625, 190.2002716064453, 952.13232421875, 288.6414794921875]",530,0.73,0.61
"[432.91595458984375, 774.67041015625, 623.8316040039062, 1024.047607421875]","[891.4484252929688, 187.81082153320312, 951.7893676757812, 288.6908264160156]",531,0.77,0.6
"[437.11114501953125, 768.568603515625, 638.3895263671875, 1018.2613525390625]","[889.209228515625, 184.2502899169922, 951.4273071289062, 288.8914489746094]",532,0.81,0.59
"[448.8215637207031, 763.084228515625, 652.2515869140625, 1013.2125854492188]","[886.4299926757812, 182.0379180908203, 950.7644653320312, 288.5293884277344]",533,0.81,0.6
"[470.359619140625, 758.1099853515625, 664.0098876953125, 1008.6015014648438]","[883.1673583984375, 180.2898712158203, 950.2291259765625, 289.0027160644531]",534,0.77,0.62
"[500.8661804199219, 752.3345336914062, 673.1826171875, 1006.8392944335938]","[880.5348510742188, 179.19776916503906, 949.4442749023438, 288.83447265625]",535,0.68,0.63
"[535.7727661132812, 746.9075317382812, 683.3965454101562, 1005.1891479492188]","[877.7811889648438, 179.37388610839844, 948.4711303710938, 290.1518859863281]",536,0.57,0.64
"[566.3347778320312, 741.111083984375, 694.5232543945312, 1004.68212890625]","[874.3013916015625, 179.66622924804688, 949.0982666015625, 290.7302551269531]",537,0.49,0.67
"[583.48095703125, 737.038330078125, 705.8966674804688, 1002.411865234375]","[872.6336059570312, 180.02627563476562, 949.478271484375, 291.351318359375]",538,0.46,0.69
"[600.436279296875, 734.52783203125, 716.5546875, 999.9923706054688]","[870.093994140625, 182.1770782470703, 949.6149291992188, 291.46661376953125]",539,0.44,0.73
"[631.8489379882812, 734.1490478515625, 728.1640014648438, 996.2250366210938]","[867.4852905273438, 184.6228485107422, 949.6109008789062, 291.2394104003906]",540,0.37,0.77
"[653.600830078125, 735.138916015625, 740.9524536132812, 991.5673217773438]","[865.1553955078125, 186.5462646484375, 949.4325561523438, 291.2071228027344]",541,0.34,0.81
"[669.6231079101562, 737.41552734375, 755.8508911132812, 985.5335693359375]","[860.3447875976562, 187.63699340820312, 949.3550415039062, 291.2856140136719]",542,0.35,0.86
"[679.6629028320312, 738.5640869140625, 790.841064453125, 978.7054443359375]","[854.3873291015625, 188.16905212402344, 949.4616088867188, 291.26165771484375]",543,0.46,0.92
"[684.1638793945312, 738.2548217773438, 823.0947875976562, 976.5247192382812]","[851.1825561523438, 188.4442901611328, 949.8051147460938, 291.3204345703125]",544,0.58,0.96
"[685.634033203125, 736.5042114257812, 854.3281860351562, 976.09912109375]","[848.9952392578125, 188.4384765625, 949.8843994140625, 291.3358459472656]",545,0.7,0.98
"[685.3988037109375, 733.9379272460938, 871.3560791015625, 976.5298461914062]","[852.1605834960938, 188.28436279296875, 950.0167236328125, 291.4684143066406]",546,0.77,0.95
"[693.6326293945312, 732.5413208007812, 875.977294921875, 978.0935668945312]","[862.7028198242188, 187.328125, 950.0880126953125, 291.5168762207031]",547,0.74,0.84
"[708.8073120117188, 729.7332153320312, 876.9107055664062, 979.0770874023438]","[868.23388671875, 185.8581085205078, 949.9913330078125, 291.5032653808594]",548,0.67,0.77
"[734.9241943359375, 725.3911743164062, 876.4053955078125, 979.2656860351562]","[870.2191772460938, 183.2487335205078, 949.3511352539062, 291.4001770019531]",549,0.56,0.73
"[764.5795288085938, 722.00927734375, 879.8529663085938, 979.656005859375]","[866.3357543945312, 180.45147705078125, 948.4378662109375, 291.2962341308594]",550,0.45,0.74
"[789.1190185546875, 720.9070434570312, 890.2286376953125, 982.9659423828125]","[860.233154296875, 179.42417907714844, 947.8092651367188, 291.8391418457031]",551,0.39,0.78
"[805.6893310546875, 720.9647216796875, 910.2399291992188, 986.9646606445312]","[865.8499145507812, 177.7823944091797, 947.8502197265625, 292.5962829589844]",552,0.39,0.71
"[818.8857421875, 723.1241455078125, 936.2340087890625, 992.7630615234375]","[869.759521484375, 176.85911560058594, 946.0452880859375, 291.75177001953125]",553,0.44,0.66
"[829.0230102539062, 729.0599975585938, 966.2800903320312, 1000.3345336914062]","[871.2649536132812, 176.02285766601562, 943.6500244140625, 291.3327941894531]",554,0.51,0.63
"[838.678955078125, 737.2467041015625, 993.3659057617188, 1006.5634765625]","[871.6359252929688, 175.5697021484375, 941.5908203125, 290.811279296875]",555,0.57,0.61
"[845.1434936523438, 747.5943603515625, 1019.58447265625, 1010.7724609375]","[872.0598754882812, 176.00927734375, 940.4652709960938, 290.826171875]",556,0.66,0.6
"[852.4942016601562, 759.7652587890625, 1039.3658447265625, 1014.7152099609375]","[871.1309814453125, 177.6719512939453, 940.5323486328125, 290.75360107421875]",557,0.73,0.61
"[862.3399658203125, 772.9151000976562, 1058.4443359375, 1018.4330444335938]","[871.7196044921875, 178.64169311523438, 941.1373291015625, 290.7142028808594]",558,0.8,0.62
"[871.0841064453125, 787.18408203125, 1076.5347900390625, 1023.4971313476562]","[872.1197509765625, 179.8131561279297, 943.303466796875, 290.8580017089844]",559,0.87,0.64
"[876.8820190429688, 802.0684814453125, 1092.0064697265625, 1026.2763671875]","[873.0744018554688, 181.7628631591797, 944.2570190429688, 290.7589111328125]",560,0.96,0.65
"[879.1287231445312, 819.0039672851562, 1106.6436767578125, 1027.8740234375]","[876.5205078125, 184.219970703125, 943.940185546875, 290.8150634765625]",561,1.09,0.63
"[877.683349609375, 838.671875, 1120.7281494140625, 1028.8516845703125]","[879.9058227539062, 186.0269317626953, 943.1719360351562, 292.2584533691406]",562,1.28,0.6
"[875.5054931640625, 859.313232421875, 1131.1719970703125, 1029.6539306640625]","[885.2696533203125, 187.5789794921875, 944.6644287109375, 295.9827880859375]",563,1.5,0.55
"[872.81103515625, 875.271728515625, 1139.90185546875, 1030.220458984375]","[892.3514404296875, 188.022705078125, 944.586669921875, 300.32281494140625]",564,1.72,0.47
"[871.040771484375, 883.533203125, 1143.955078125, 1034.17724609375]","[895.8402709960938, 188.17112731933594, 942.3096313476562, 301.8799743652344]",565,1.81,0.41
"[868.7051391601562, 886.7853393554688, 1138.240234375, 1044.923095703125]","[896.9066162109375, 188.33212280273438, 941.446044921875, 302.328369140625]",566,1.7,0.39
"[869.0197143554688, 889.2269287109375, 1135.36767578125, 1050.77392578125]","[896.9805297851562, 188.19569396972656, 940.8656616210938, 302.5248107910156]",567,1.65,0.38
"[868.7470092773438, 891.656005859375, 1133.5491943359375, 1054.068115234375]","[896.7882080078125, 188.3049774169922, 943.2742309570312, 302.4367370605469]",568,1.63,0.41
"[869.3283081054688, 895.0878295898438, 1128.1038818359375, 1055.3939208984375]","[896.72021484375, 187.9375, 945.1846923828125, 302.4131774902344]",569,1.61,0.42
"[868.8291015625, 901.7575073242188, 1127.6717529296875, 1061.7813720703125]","[896.6768188476562, 187.2559051513672, 947.6555786132812, 302.7238464355469]",570,1.62,0.44
"[868.3310546875, 909.0032958984375, 1129.3380126953125, 1069.143310546875]","[896.6712036132812, 186.4410858154297, 948.5990600585938, 302.8501892089844]",571,1.63,0.45
"[868.5547485351562, 916.6705322265625, 1128.1795654296875, 1070.8431396484375]","[896.8448486328125, 185.5000457763672, 948.0228881835938, 303.4048156738281]",572,1.68,0.43
"[867.9608764648438, 924.9168090820312, 1124.2425537109375, 1069.5205078125]","[897.09228515625, 184.8020782470703, 948.7921142578125, 303.8831481933594]",573,1.77,0.43
"[866.1843872070312, 930.45654296875, 1122.218994140625, 1069.3271484375]","[897.371826171875, 184.4239501953125, 953.6672973632812, 305.4617919921875]",574,1.84,0.47
"[864.1146240234375, 935.2522583007812, 1121.915283203125, 1067.3160400390625]","[897.9210815429688, 185.16065979003906, 955.6448974609375, 307.3971252441406]",575,1.95,0.47
"[858.6508178710938, 938.9638671875, 1123.7474365234375, 1064.0279541015625]","[898.3418579101562, 186.53927612304688, 955.68701171875, 309.7183837890625]",576,2.12,0.47
"[854.9659423828125, 942.3626098632812, 1125.3529052734375, 1057.8780517578125]","[900.2943725585938, 188.24398803710938, 956.1243286132812, 311.6494140625]",577,2.34,0.45
"[851.6275634765625, 944.0721435546875, 1130.353271484375, 1054.845703125]","[902.4711303710938, 190.48606872558594, 957.3129272460938, 312.44293212890625]",578,2.52,0.45
"[846.0578002929688, 943.3031005859375, 1134.02783203125, 1052.69921875]","[904.5068359375, 191.32627868652344, 958.2694702148438, 312.5859375]",579,2.63,0.44
"[843.1126098632812, 941.5167846679688, 1135.1368408203125, 1052.8133544921875]","[908.837158203125, 191.4289093017578, 960.0333862304688, 312.5552062988281]",580,2.62,0.42
"[844.1289672851562, 941.1480712890625, 1135.7464599609375, 1052.9525146484375]","[913.6185913085938, 190.9080047607422, 961.6798706054688, 312.91778564453125]",581,2.61,0.39
"[846.6382446289062, 942.83349609375, 1134.588623046875, 1052.3790283203125]","[920.1838989257812, 189.2622528076172, 963.059326171875, 313.8819274902344]",582,2.63,0.34
"[847.8242797851562, 945.2335815429688, 1131.78662109375, 1050.89208984375]","[924.5006713867188, 187.56117248535156, 964.2731323242188, 315.3399963378906]",583,2.69,0.31
"[848.3150634765625, 948.8815307617188, 1128.0157470703125, 1052.328857421875]","[926.0421752929688, 186.10963439941406, 966.2159423828125, 316.06707763671875]",584,2.7,0.31
"[848.2015991210938, 950.8055419921875, 1126.419189453125, 1056.0428466796875]","[926.6520385742188, 185.4119415283203, 968.1723022460938, 315.8851318359375]",585,2.64,0.32
"[848.6338500976562, 951.1693725585938, 1126.65869140625, 1058.000244140625]","[927.0237426757812, 185.29541015625, 970.597412109375, 315.91912841796875]",586,2.6,0.33
"[848.9675903320312, 950.8428955078125, 1127.66552734375, 1058.65283203125]","[927.1344604492188, 186.5767364501953, 972.9730834960938, 319.1504211425781]",587,2.59,0.35
"[848.8009033203125, 950.669677734375, 1128.427978515625, 1059.4136962890625]","[927.1553955078125, 187.32318115234375, 979.9791870117188, 321.3453674316406]",588,2.57,0.39
"[848.7487182617188, 950.8067626953125, 1128.6329345703125, 1059.6273193359375]","[927.5629272460938, 188.74856567382812, 982.5018920898438, 322.21014404296875]",589,2.57,0.41
"[848.8099975585938, 950.767333984375, 1128.4874267578125, 1059.723388671875]","[928.6346435546875, 189.83055114746094, 984.0662841796875, 322.74249267578125]",590,2.57,0.42
